id,gloss
P09.2,SUBIR-MORRO FÍSICO PIOR
158,SUBIR-MORRO FÍSICO PIOR
P09.4,TOMAR-BANHO FÍSICO PIOR
P09.6,SUBIR-ESCADA FÍSICO PIOR
170.0,0
170.1,1
170.2,2
170.3,3
170.4,4
170.5,5
170.6,6
170.7,7
170.8,8
170.9,9
170.10,10
171,UMA-VEZ
172,VÁRIAS-VEZES
175,DOIS SEMANA
179,AQUI DOR CONTINUAR
180,NUCA DOR ESPALHAR
181,PESCOÇO DOR ESPALHAR
182,QUEIXO DOR ESPALHAR
187,DOR VIRILHA ESPALHAR
P15.1,TER TOSSE
P15.2,TOSSE COMO
197,CATARRO COLA CLARO
198,CATARRO COLA BRANCO
199,CATARRO COLA AMARELO
200,CATARRO COLA VERDE
201,CATARRO COLA VERMELHO
P17.1,VOCÊ JÁ VACINAR COVID-19
241,TRAZER RECEITA REMÉDIO
242,EU USAR REMÉDIO
P18.1,ENJOAR O U VOMITAR
210,MOLE
213,CLARO
215,FEZES-LÍQUIDAS BORBULHAR
217,FEZES-LÍQUIDAS BRANCO
218,FEZES-LÍQUIDAS ESCURO
223,DIABETES
226,PRESSÃO ALTO
227,ASMA
228,AIDS
229,CÂNCER
233,A V C
235,OBESIDADE
237,RINS FRACO
239,VÍCIO BEBER ÁLCOOL
240,VÍCIO FUMAR
245,ÁCARO ALERGIA
247,ALERGIA FLOR PÓLEN
248,ALERGIA CACHORRO
249,ALERGIA GATO
251,ALERGIA GRUPO BORRACHA
252,ALERGIA LEITE
253,ALERGIA O V O OVO
256,ALERGIA AMENDOIM
258,ALERGIA NENHUM
P22.3,QUAL MEDICAMENTO
P23.1,VOCÊ FUMAR
260,NÃO FUMAR
P23.2,TOTAL TEMPO QUANTO
261,UM ANO
P24.2,BEBIDA QUAL
264,CERVEJA
265,VINHO
266,DOSE ÁLCOOL
267,VODCA
268,UÍSQUE
269,CACHAÇA
270,G I N
271,CHAMPANHE
272,UM LATA TODO-DIA
273,UM LATA UMA-VEZ SEMANA
281,TAÇA TOMAR VINHO TODO-DIA
282,UM COPO CHEIO TODO-DIA
283,UM COPO UMA-VEZ SEMANA
1,CONFUSÃO-MENTAL PERCEPÇÃO ESQUECER
2,CONFUSÃO
3,MUDAR COMPORTAMENTO
4,CONVULSÃO ENROLAR-LÍNGUA
5,CABEÇA DOR
6,DOR PESCOÇO
7,DOR PEITO
8,DOR COSTAS
9,DOR LOMBAR
10,DOR BARRIGA
11,DOR GARGANTA
12,DOR BRAÇO
13,DOR PERNA
14,DOR PERNA ATRÁS
17,CHIAR
18,DIFÍCIL RESPIRAR
19,PALPITAÇÃO
20,TONTURA CAIR-PESSOA
22,EVACUAR MOLE VERMELHO
23,TONTURA-ENJOO
24,VOMITAR
27,CATARRO GRIPE
28,NARIZ-LADOS FECHAR
29,INCHAR
30,FERIR PELE
33,COÇAR
34,FEBRE
35,ARREPIAR FRIO
36,SUAR SUAR SUAR
39,MORDER
40,CACHORRO MORDER
41,GATO MORDER
42,COBRA PICAR
43,ESCORPIÃO PICAR
45,PROBLEMA OLHOS
46,PROBLEMA OUVIDOS
47,XIXI SENTIR IGUAL QUENTE
49,XIXI POUCO
51,XIXI ESCURO
52,XIXI ESPUMAR
53,XIXI VERMELHO
54,VERMELHO SANGRAR-BOCA
55,VERMELHO NARIZ-SANGRAR GRIPE
56,VERMELHO FEZES
57,TONTEIRA
59,TRAUMA
61,PELE QUEIMAR
62,MATERIAL GRUPO CORTAR TAMBÉM OBJETO-FINO-LONGO FINCAR
63,TIRO FURAR-BARRIGA
64,QUASE CABEÇA-SAIR NASCER
65,NASCER VIVO
P02,QUANDO COMEÇAR ENTÃO
68,15 MINUTO
69,30 MINUTO
70,1-HORA
71,2-HORA
72,2-MÊS
73,COMER
74,BEBER
76,LIMPAR CASA
77,EXERCÍCIO-FÍSICO
79,SENTADO
P04,TEMPO QUAL HORAS-DURAÇÃO TEMPO
83,UM-DIA
84,TRÊS-DIAS
85,UM SEMANA
86,UM MÊS
87,SIM
88,NÃO
P06.1,ONDE DOR
89,DOR LADO-CABEÇA
91,DOR LADO-CABEÇA LADO-CABEÇA
92,DOR TESTA
93,DOR NUCA
95,DOR OLHOS
96,DOR MEIO-BARRIGA
97,DOR LADOS-BARRIGA
99,DOR BAIXO-VENTRE
100,DOR VIRILHA
101,DOR OMBROS
103,DOR JOELHO-DIREITO JOELHO-ESQUERDO
104,DOR PERNA-DIREITA PERNA-ESQUERDA
105,DOR TESTÍCULOS
P06.2,COMO DOR
106,DOR PULSAR
107,DOR PROFUNDO
108,DOR LEVE
110,DOR APERTAR
111,DOR PESO
112,DOR QUEIMAR
113,DOR PONTADA
114,DOR CHOQUE
116,DOR APERTAR PONTADA
P06.3,DOR IGUAL PESO
P06.4,DOR IGUAL QUEIMAR
P06.5,DOR IGUAL FINCADA
119,SENTIR MAL
121,VER MANCHAS
123,ZUMBIDO OUVIDO
124,GASES
126,BEBER ÁLCOOL
127,COMER COISAS ÓLEO
128,LOCAIS BARULHO
130,CORPO ESFORÇAR
131,PERÍODO MENSTRUAR
132,NARIZ ESPIRRAR
135,ENGOLIR
136,ANDAR
137,ESTRESSE
138,APERTAR
139,BRAÇO MEXER-BRAÇO
140,PERNAS MEXER-PERNAS
141,MEXER-PESCOÇO
143,DEITAR
145,ÁGUA QUENTE COLOCAR-BRAÇO
147,JEJUM
148.1,A
148.2,B
148.3,C
148.4,D
148.5,E
148.6,F
148.7,G
148.8,H
148.9,I
148.10,J
148.11,K
148.12,L
148.13,M
148.14,N
148.15,O
148.16,P
148.17,Q
148.18,R
148.19,S
148.20,T
148.21,U
148.22,V
148.23,W
148.24,X
148.25,Y
148.26,Z
149,DEVAGAR
150,ENTENDER
153,REPETIR POR-FAVOR
156,NÃO-ENTENDER
157,CONTINUAR
159,SUBIR-MORRO CORPO PIOR NÃO
P09.3,PLANO ANDAR FÍSICO PIOR
160,PLANO ANDAR CORPO PIOR
162,TOMAR-BANHO CORPO PIOR
163,TOMAR-BANHO CORPO PIOR NÃO
166,SUBIR-ESCADA CORPO PIOR
167,SUBIR-ESCADA CORPO PIOR NÃO
173,SEMPRE SEMPRE
P11.3,NO-DECORRER-DO-TEMPO SENTIR DOR NO-TOTAL QUANTOS
P11.4,AO-LONGO-DO-TEMPO DOR COMO AUMENTAR O U DIMINUIR
184,DOR BRAÇO-ESPALHAR
194,TOSSE SECO
203,NÃO VACINAR COVID-19
204,DOIS VACINA
205,TRÊS VACINA
206,QUATRO VACINA
P17.3,VOCÊ JÁ VACINAR GRIPE
207,NÃO VACINAR GRIPE
243,NÃO TRAZER RECEITA REMÉDIO NENHUM
P21.2,USAR REMÉDIO
P18.1_b4_RAW,ENJOAR O U VOMITAR
210_b4_RAW,MOLE
211_b4_RAW,FRAGMENTOS MISTURAR MOLE
212_b4_RAW,FEZES-LÍQUIDAS
213_b4_RAW,CLARO
215_b4_RAW,FEZES-LÍQUIDAS BORBULHAR
216_b4_RAW,FEZES-LÍQUIDAS-EXPLODIR
217_b4_RAW,FEZES-LÍQUIDAS BRANCO
218_b4_RAW,FEZES-LÍQUIDAS ESCURO
219_b4_RAW,FEZES-LÍQUIDAS RESTOS COMIDA
220_b4_RAW,TER M U C O COLA
221_b4_RAW,TER P U S MISTURAR AMARELO BRANCO MISTURAR
P18.5_b4_RAW,VOCÊ BARRIGA DOR ENTÃO
222_b4_RAW,DOR-BARRIGA NENHUM
223_b4_RAW,DIABETES
224_b4_RAW,INFARTO
226_b4_RAW,PRESSÃO ALTO
227_b4_RAW,ASMA
228_b4_RAW,AIDS
229_b4_RAW,CÂNCER
230_b4_RAW,DEPRESSÃO
231_b4_RAW,DEPRESSÃO
232_b4_RAW,ANSIEDADE
233_b4_RAW,A V C
234_b4_RAW,TOSSIR CATARRO VERMELHO
235_b4_RAW,OBESIDADE
236_b4_RAW,FÍGADO INFLAMADO
237_b4_RAW,RINS FRACO
238_b4_RAW,SUAR TIREÓIDE DIMINUIR
239_b4_RAW,VÍCIO BEBER ÁLCOOL
240_b4_RAW,VÍCIO FUMAR
P22.1_b4_RAW,VOCÊ TER ALERGIA ENTÃO
246_b4_RAW,F U N G O S SINAL FUNGO
247_b4_RAW,ALERGIA FLOR PÓLEN
249_b4_RAW,ALERGIA GATO
250_b4_RAW,ALERGIA INSETO PICAR
251_b4_RAW,ALERGIA GRUPO BORRACHA
254_b4_RAW,ALERGIA COMER CATEGORIA ÁGUA-MAR
255_b4_RAW,ALERGIA CATEGORIA T R I G O FARINHA
256_b4_RAW,ALERGIA AMENDOIM
258_b4_RAW,ALERGIA NENHUM
257_b4_RAW,ALERGIA REMÉDIO NÃO-TER
P22.3_b4_RAW,QUAL MEDICAMENTO
P23.1_b4_RAW,VOCÊ FUMAR
P23.2_b4_RAW,TOTAL TEMPO QUANTO
261_b4_RAW,UM ANO
263_b4_RAW,DEZ ANO
P24.2_b4_RAW,BEBIDA QUAL
264_b4_RAW,CERVEJA
265_b4_RAW,VINHO
266_b4_RAW,DOSE ÁLCOOL
268_b4_RAW,UÍSQUE
269_b4_RAW,CACHAÇA
271_b4_RAW,CHAMPANHE
P24.3_b4_RAW,QUANTOS BEBIDA
274_b4_RAW,DOIS LATAS DUAS-VEZES SEMANA
278_b4_RAW,UMA-DOSE TOMAR TODO-DIA
279_b4_RAW,DUAS-DOSES TOMAR DUAS-VEZES SEMANA
280_b4_RAW,TAÇA TOMAR VINHO UMA-VEZ SEMANA
281_b4_RAW,TAÇA TOMAR VINHO TODO-DIA
1_b1_RAW,CONFUSÃO-MENTAL PERCEPÇÃO ESQUECER
2_b1_RAW,CONFUSÃO
3_b1_RAW,MUDAR COMPORTAMENTO
4_b1_RAW,CONVULSÃO ENROLAR-LÍNGUA
5_b1_RAW,CABEÇA DOR
6_b1_RAW,DOR PESCOÇO
7_b1_RAW,DOR PEITO
8_b1_RAW,DOR COSTAS
9_b1_RAW,DOR LOMBAR
10_b1_RAW,DOR BARRIGA
11_b1_RAW,DOR GARGANTA
12_b1_RAW,DOR BRAÇO
13_b1_RAW,DOR PERNA
14_b1_RAW,DOR PERNA ATRÁS
15_b1_RAW,DOR PÉ P E
16_b1_RAW,RESPIRAR FALTAR
17_b1_RAW,CHIAR
18_b1_RAW,DIFÍCIL RESPIRAR
19_b1_RAW,PALPITAÇÃO
20_b1_RAW,TONTURA CAIR-PESSOA
21_b1_RAW,EVACUAR-ESPALHAR
22_b1_RAW,EVACUAR MOLE VERMELHO
23_b1_RAW,TONTURA-ENJOO
24_b1_RAW,VOMITAR
25_b1_RAW,FEZES ESCURO
26_b1_RAW,TOSSIR
27_b1_RAW,CATARRO GRIPE
28_b1_RAW,NARIZ-LADOS FECHAR
29_b1_RAW,INCHAR
30_b1_RAW,FERIR PELE
31_b1_RAW,MANCHAS-PELE
32_b1_RAW,MANCHAS-PELE VERMELHO
33_b1_RAW,COÇAR
34_b1_RAW,FEBRE
35_b1_RAW,ARREPIAR FRIO
36_b1_RAW,SUAR SUAR SUAR
37_b1_RAW,VERMELHO SANGUE DOCE BAIXO-ALTO
38_b1_RAW,TENTAR SUICIDAR
39_b1_RAW,MORDER
40_b1_RAW,CACHORRO MORDER
41_b1_RAW,GATO MORDER
42_b1_RAW,COBRA PICAR
43_b1_RAW,ESCORPIÃO PICAR
45_b1_RAW,PROBLEMA OLHOS
46_b1_RAW,PROBLEMA OUVIDOS
47_b1_RAW,XIXI SENTIR IGUAL QUENTE
48_b1_RAW,XIXI VAZAR
49_b1_RAW,XIXI POUCO
50_b1_RAW,TODA-HORA URINAR
51_b1_RAW,XIXI ESCURO
52_b1_RAW,XIXI ESPUMAR
53_b1_RAW,XIXI VERMELHO
54_b1_RAW,VERMELHO SANGRAR-BOCA
55_b1_RAW,VERMELHO NARIZ-SANGRAR GRIPE
56_b1_RAW,VERMELHO FEZES
57_b1_RAW,TONTEIRA
58_b1_RAW,QUEBRAR QUEBRAR QUEBRAR
59_b1_RAW,TRAUMA
60_b1_RAW,AGREDIR
61_b1_RAW,PELE QUEIMAR
62_b1_RAW,MATERIAL GRUPO CORTAR TAMBÉM OBJETO-FINO-LONGO FINCAR
63_b1_RAW,TIRO FURAR-BARRIGA
64_b1_RAW,QUASE CABEÇA-SAIR NASCER
66_b1_RAW,VAGINA VERMELHO SANGRAR
P02_b1_RAW,QUANDO COMEÇAR ENTÃO
68_b1_RAW,15 MINUTO
69_b1_RAW,30 MINUTO
70_b1_RAW,1-HORA
71_b1_RAW,2-HORA
72_b1_RAW,2-MÊS
P03_b1_RAW,COMO COMEÇAR QUE VOCÊ FAZER O-QUE
74_b1_RAW,BEBER
75_b1_RAW,TOSSIR
76_b1_RAW,LIMPAR CASA
77_b1_RAW,EXERCÍCIO-FÍSICO
78_b1_RAW,CALADO DEITADO
79_b1_RAW,SENTADO
80_b1_RAW,SENTADO EM-PÉ
81_b1_RAW,NÃO-LEMBRAR
82_b2_RAW,SEIS HORAS
83_b2_RAW,UM-DIA
84_b2_RAW,TRÊS-DIAS
85_b2_RAW,UM SEMANA
86_b2_RAW,UM MÊS
87_b2_RAW,SIM
88_b2_RAW,NÃO
P06.1_b2_RAW,ONDE DOR
89_b2_RAW,DOR LADO-CABEÇA
90_b2_RAW,DOR OUVIDO
91_b2_RAW,DOR LADO-CABEÇA LADO-CABEÇA
92_b2_RAW,DOR TESTA
93_b2_RAW,DOR NUCA
96_b2_RAW,DOR MEIO-BARRIGA
97_b2_RAW,DOR LADOS-BARRIGA
98_b2_RAW,DOR BEXIGA
99_b2_RAW,DOR BAIXO-VENTRE
100_b2_RAW,DOR VIRILHA
101_b2_RAW,DOR OMBROS
103_b2_RAW,DOR JOELHO-DIREITO JOELHO-ESQUERDO
104_b2_RAW,DOR PERNA-DIREITA PERNA-ESQUERDA
105_b2_RAW,DOR TESTÍCULOS
P06.2_b2_RAW,COMO DOR
106_b2_RAW,DOR PULSAR
107_b2_RAW,DOR PROFUNDO
108_b2_RAW,DOR LEVE
110_b2_RAW,DOR APERTAR
111_b2_RAW,DOR PESO
112_b2_RAW,DOR QUEIMAR
113_b2_RAW,DOR PONTADA
114_b2_RAW,DOR CHOQUE
116_b2_RAW,DOR APERTAR PONTADA
P06.3_b2_RAW,DOR IGUAL PESO
P06.4_b2_RAW,DOR IGUAL QUEIMAR
P06.5_b2_RAW,DOR IGUAL FINCADA
P06.6_b2_RAW,DOR IGUAL SENTIR CHOQUE
P07_b2_RAW,SENTIR JUNTO ITENS MAIS TER
118_b2_RAW,OLHOS LACRIMEJAR
119_b2_RAW,SENTIR MAL
121_b2_RAW,VER MANCHAS
122_b2_RAW,TODA-HORA URINAR
123_b2_RAW,ZUMBIDO OUVIDO
124_b2_RAW,GASES
125_b2_RAW,COMER CATEGORIA ÁCIDO MAIS APIMENTADO
126_b2_RAW,BEBER ÁLCOOL
127_b2_RAW,COMER COISAS ÓLEO
128_b2_RAW,LOCAIS BARULHO
130_b2_RAW,CORPO ESFORÇAR
132_b2_RAW,NARIZ ESPIRRAR
135_b2_RAW,ENGOLIR
136_b2_RAW,ANDAR
137_b2_RAW,ESTRESSE
138_b2_RAW,APERTAR
139_b2_RAW,BRAÇO MEXER-BRAÇO
141_b2_RAW,MEXER-PESCOÇO
P08.2_b2_RAW,SENTIR DOR DEPOIS DESAPARECER ENTÃO
143_b2_RAW,DEITAR
144_b2_RAW,ÁGUA FRIO COLOCAR-BRAÇO
145_b2_RAW,ÁGUA QUENTE COLOCAR-BRAÇO
146_b2_RAW,REMÉDIO
147_b2_RAW,JEJUM
148.1_b2_RAW,A
148.2_b2_RAW,B
148.3_b2_RAW,C
148.6_b2_RAW,F
148.7_b2_RAW,G
148.8_b2_RAW,H
148.5_b2_RAW,E
148.9_b2_RAW,I
148.10_b2_RAW,J
148.11_b2_RAW,K
148.12_b2_RAW,L
148.13_b2_RAW,M
148.14_b2_RAW,N
148.15_b2_RAW,O
148.16_b2_RAW,P
148.17_b2_RAW,Q
148.18_b2_RAW,R
148.19_b2_RAW,S
148.20_b2_RAW,T
148.21_b2_RAW,U
148.22_b2_RAW,V
148.23_b2_RAW,W
148.24_b2_RAW,X
148.25_b2_RAW,Y
148.26_b2_RAW,Z
149_b2_RAW,DEVAGAR
150_b2_RAW,ENTENDER
151_b2_RAW,OBRIGADO
152_b2_RAW,OBRIGADO
153_b2_RAW,REPETIR POR-FAVOR
154_b2_RAW,PARAR
156_b2_RAW,NÃO-ENTENDER
157_b2_RAW,CONTINUAR
P09.1_b3_RAW,PEITO DOR O U FALTAR A R INSPIRAR PIORAR MOMENTO FÍSICO ESFORÇAR
P09.2_b3_RAW,SUBIR-MORRO FÍSICO PIOR
158_b3_RAW,SUBIR-MORRO FÍSICO PIOR
159_b3_RAW,SUBIR-MORRO CORPO PIOR NÃO
P09.3_b3_RAW,PLANO ANDAR FÍSICO PIOR
160_b3_RAW,PLANO ANDAR CORPO PIOR
161_b3_RAW,PLANO ANDAR FÍSICO PIOR NÃO
P09.4_b3_RAW,TOMAR-BANHO FÍSICO PIOR
162_b3_RAW,TOMAR-BANHO CORPO PIOR
163_b3_RAW,TOMAR-BANHO CORPO PIOR NÃO
P09.5_b3_RAW,DEITAR CALMA PIOR
164_b3_RAW,DEITAR CALMA PIOR
165_b3_RAW,DEITAR CALMA PIOR NÃO
P09.6_b3_RAW,SUBIR-ESCADA FÍSICO PIOR
166_b3_RAW,SUBIR-ESCADA CORPO PIOR
167_b3_RAW,SUBIR-ESCADA CORPO PIOR NÃO
P09.7_b3_RAW,TOMAR-REMÉDIO AJUDAR CURAR PEITO DOR O U FALTAR A R ENTÃO
168_b3_RAW,REMÉDIO CURAR
169_b3_RAW,REMÉDIO CURAR-NÃO
170.0_b3_RAW,0
170.1_b3_RAW,1
170.2_b3_RAW,2
170.3_b3_RAW,3
170.4_b3_RAW,4
170.5_b3_RAW,5
170.6_b3_RAW,6
170.7_b3_RAW,7
170.8_b3_RAW,8
170.9_b3_RAW,9
170.10_b3_RAW,10
P11.1_b3_RAW,SENTIR DOR DEPOIS SUMIR OUTRA-VEZ SENTIR DOR SUMIR VOLTAR SUMIR
171_b3_RAW,UMA-VEZ
172_b3_RAW,VÁRIAS-VEZES
173_b3_RAW,SEMPRE SEMPRE
P11.2_b3_RAW,SENTIR DOR OUTRAS-VEZES DIVERSAS-VEZES ENTÃO
174_b3_RAW,TRÊS-VEZES DIA
P11.3_b3_RAW,NO-DECORRER-DO-TEMPO SENTIR DOR NO-TOTAL QUANTOS
175_b3_RAW,DOIS SEMANA
176_b3_RAW,TRÊS-MESES
177_b3_RAW,UM ANO
178_b3_RAW,CINCO ANO
P11.4_b3_RAW,AO-LONGO-DO-TEMPO DOR COMO AUMENTAR O U DIMINUIR
P11.5_b3_RAW,PERÍODO DOR TER AUMENTAR
P12_b3_RAW,DOR EXEMPLO AQUI LUGAR MESMO O U ESPALHAR AQUI LUGARES ENTÃO
179_b3_RAW,AQUI DOR CONTINUAR
180_b3_RAW,NUCA DOR ESPALHAR
181_b3_RAW,PESCOÇO DOR ESPALHAR
182_b3_RAW,QUEIXO DOR ESPALHAR
183_b3_RAW,DOR ESPALHAR OMBRO
184_b3_RAW,DOR BRAÇO-ESPALHAR
185_b3_RAW,DOR BARRIGA-ESPALHAR BARRIGA
186_b3_RAW,COSTAS DOR ESPALHAR
187_b3_RAW,DOR VIRILHA ESPALHAR
188_b3_RAW,DOR PERNAS-ESPALHAR APONTAR-COXA
189_b3_RAW,DOR PERNAS-ESPALHAR APONTAR-PERNA
P13.1_b3_RAW,MOMENTO EXEMPLO AQUI APERTAR VOCÊ SENTIR DOR PIORAR ENTÃO
190_b3_RAW,SIM APERTAR-BRAÇO DOER
191_b3_RAW,MOMENTO APERTAR-BRAÇO DOR PIORAR NÃO
192_b3_RAW,FICAR-EM-PÉ SENTAR DEITAR DOR PIORAR SIM
193_b3_RAW,FICAR-EM-PÉ SENTAR DEITAR DOR PIORAR NÃO
P14_b3_RAW,TER DOR FEBRE CALAFRIOS ESPIRRAR O U SECREÇÃO-NASAL COLA
P15.1_b3_RAW,TER TOSSE
P15.2_b3_RAW,TOSSE COMO
194_b3_RAW,TOSSE SECO
195_b3_RAW,CATARRO COLA NENHUM
P15.4_b3_RAW,CATARRO COLA COR QUAL
197_b3_RAW,CATARRO COLA CLARO
198_b3_RAW,CATARRO COLA BRANCO
199_b3_RAW,CATARRO COLA AMARELO
200_b3_RAW,CATARRO COLA VERDE
201_b3_RAW,CATARRO COLA VERMELHO
202_b3_RAW,CATARRO COLA SANGUE PONTOS
P17.1_b3_RAW,VOCÊ JÁ VACINAR COVID-19
P17.2_b3_RAW,QUANTOS VACINAR
204_b3_RAW,DOIS VACINA
205_b3_RAW,TRÊS VACINA
206_b3_RAW,QUATRO VACINA
P17.3_b3_RAW,VOCÊ JÁ VACINAR GRIPE
207_b3_RAW,NÃO VACINAR GRIPE
P17.4_b3_RAW,VOCÊ TRAZER CARTÃO-DE-VACINA
208_b3_RAW,NÃO TRAZER CARTÃO-DE-VACINA NENHUM
P20_b3_RAW,VOCÊ TER RELATÓRIO AO-LONGO-DO-TEMPO
P21.1_b3_RAW,DOCUMENTO REMÉDIO VOCÊ TRAZER
241_b3_RAW,TRAZER RECEITA REMÉDIO
243_b3_RAW,NÃO TRAZER RECEITA REMÉDIO NENHUM
P21.2_b3_RAW,USAR REMÉDIO
242_b3_RAW,EU USAR REMÉDIO
209_b4_RAW,NENHUM VONTADE NADA VOMITAR
P18.2_b4_RAW,VOCÊ FEZES MOLE
P18.3_b4_RAW,COMO FEZES COMO
214_b4_RAW,FEZES-LÍQUIDAS BRILHANTE
P19.1_b4_RAW,VOCÊ JÁ FAZER TRATAMENTO ALGUM DOENÇA ENTÃO
225_b4_RAW,ARRITMIA
245_b4_RAW,ÁCARO ALERGIA
248_b4_RAW,ALERGIA CACHORRO
252_b4_RAW,ALERGIA LEITE
253_b4_RAW,ALERGIA O V O OVO
259_b4_RAW,TER FUMAR SIM
260_b4_RAW,NÃO FUMAR
262_b4_RAW,DOIS ANO
P23.3_b4_RAW,DURANTE-O-DIA QUANTOS FUMAR
P24.1_b4_RAW,BEBIDA ÁLCOOL VOCÊ BEBER VOCÊ
267_b4_RAW,VODCA
270_b4_RAW,G I N
272_b4_RAW,UM LATA TODO-DIA
273_b4_RAW,UM LATA UMA-VEZ SEMANA
275_b4_RAW,UMA-GARRAFA TODOS-OS-DIAS
276_b4_RAW,GARRAFA UMA-VEZ SEMANA
277_b4_RAW,DOIS GARRAFAS DUAS-VEZES SEMANA
282_b4_RAW,UM COPO CHEIO TODO-DIA
283_b4_RAW,UM COPO UMA-VEZ SEMANA
44_b1_RAW,PRESSÃO-ARTERIAL ALTO-BAIXO-ALTO
65_b1_RAW,NASCER VIVO
73_b1_RAW,COMER
P05_b2_RAW,POR-QUE PROCURAR VIR HOJE TER PIORAR
94_b2_RAW,DOR OUVIDO-DIREITO OUVIDO-ESQUERDO
95_b2_RAW,DOR OLHOS
P08.1_b2_RAW,S I FAZER COISAS SENTIR DOR PIORAR
133_b2_RAW,MASTIGAR
134_b2_RAW,MASTIGAR
140_b2_RAW,PERNAS MEXER-PERNAS
148.4_b2_RAW,D
155_b2_RAW,PARAR
P13.2_b3_RAW,MOMENTO FICAR-EM-PÉ SENTAR DEITAR DOR PIORAR
P15.3_b3_RAW,CATARRO TER O U TER-NÃO
196_b3_RAW,TOSSE CATARRO COLA
203_b3_RAW,NÃO VACINAR COVID-19
P04_b2_RAW,TEMPO QUAL HORAS-DURAÇÃO TEMPO
102_b2_RAW,DOR BRAÇO-DIREITO BRAÇO-ESQUERDO
109_b2_RAW,DOR MUITO-FORTE
115_b2_RAW,DOR VERMELHO SANGRAR APERTAR
129_b2_RAW,LOCAIS LUZ-FORTE
131_b2_RAW,PERÍODO MENSTRUAR
142_b2_RAW,MOVIMENTAR-CORPO DOR PIORAR
67_b1_RAW,VOMITAR TER VERMELHO
117_b2_RAW,SUAR SUAR
120_b2_RAW,VER DOBRADO
P10_b3_RAW,SOBRE DOR PERÍODO COMEÇA-EM-UM FRACO SEQUÊNCIA-CINCO MÉDIA ATÉ-DEZ EXTREMAMENTE-FORTE PERÍODO-TEMPO VOCÊ SENTIR QUAL ESSE-PERÍODO DOR EQUIVALER QUAL
244_b3_RAW,NÃO USAR MEDICAMENTO NÃO
P25.1_b4_RAW,FAZER JÁ CIRURGIA QUANTOS PASSADO S I SIM QUAL
P16_b3_RAW,S I CORIZA NENHUM COMO TER SENTIR DOR URINAR
P22.2_b4_RAW,MOMENTO VOCÊ TOMAR-MEDICAMENTO SURGIR TER ALERGIA TER
P01_b1_RAW,O-QUE VOCÊ SENTIR QUE VIR ENTÃO
P18.4_b4_RAW,UM SANGRAR DOIS M U C O COLA TRÊS PUS COR MISTURAR AMARELO BRANCO MISTURAR ENTÃO
