ID,Gloss
P01,O-QUE VOCÊ SENTIR QUE VIR ENTÃO
1,CONFUSÃO-MENTAL PERCEPÇÃO ESQUECER
3,MUDAR COMPORTAMENTO
4,CONVULSÃO ENROLAR-LÍNGUA
5,CABEÇA DOR
6,DOR PESCOÇO
9,DOR LOMBAR
11,DOR GARGANTA
14,DOR PERNA ATRÁS
15,DOR PÉ P-E
18,DIFÍCIL RESPIRAR
20,TONTURA CAIR-PESSOA
22,EVACUAR MOLE VERMELHO
25,FEZES ESCURO
28,NARIZ-LADOS FECHAR
30,FERIR PELE
32,MANCHAS-PELE VERMELHO
35,ARREPIAR FRIO
37,VERMELHO SANGUE DOCE BAIXO-ALTO
38,TENTAR SUICIDAR
40,CACHORRO MORDER
42,COBRA PICAR
43,ESCORPIÃO PICAR
44,PRESSÃO-ARTERIAL ALTO-BAIXO-ALTO
46,PROBLEMA OUVIDOS
48,XIXI VAZAR
49,XIXI POUCO
50,TODA-HORA URINAR
52,XIXI ESPUMAR
54,VERMELHO SANGRAR-BOCA
55,VERMELHO NARIZ-SANGRAR GRIPE
58,QUEBRAR QUEBRAR QUEBRAR
62,MATERIAL GRUPO CORTAR TAMBÉM OBJETO-FINO-LONGO FINCAR
63,TIRO FURAR-BARRIGA
64,QUASE CABEÇA-SAIR NASCER
65,NASCER VIVO
66,VAGINA VERMELHO SANGRAR
P02,QUANDO COMEÇAR ENTÃO
68,15 MINUTO
69,30 MINUTO
76,LIMPAR CASA
78,CALADO DEITADO
80,SENTADO EM-PÉ
P04,TEMPO QUAL HORAS-DURAÇÃO TEMPO
82,SEIS HORAS
86,UM MÊS
P05,POR-QUE PROCURAR VIR HOJE TER PIORAR
P06.1,ONDE DOR
P06.4,DOR IGUAL QUEIMAR
P06.5,DOR IGUAL FINCADA
91,DOR LADO-CABEÇA LADO-CABEÇA
92,DOR TESTA
94,DOR OUVIDO-DIREITO OUVIDO-ESQUERDO
96,DOR MEIO-BARRIGA
97,DOR LADOS-BARRIGA
98,DOR BEXIGA
99,DOR BAIXO-VENTRE
100,DOR VIRILHA
101,DOR OMBROS
102,DOR BRAÇO-DIREITO BRAÇO-ESQUERDO
103,DOR JOELHO-DIREITO JOELHO-ESQUERDO
104,DOR PERNA-DIREITA PERNA-ESQUERDA
105,DOR TESTÍCULOS
106,DOR PULSAR
107,DOR PROFUNDO
108,DOR LEVE
109,DOR MUITO-FORTE
111,DOR PESO
114,DOR CHOQUE
116,DOR APERTAR PONTADA
P07,SENTIR JUNTO ITENS MAIS TER
118,OLHOS LACRIMEJAR
119,SENTIR MAL
120,VER DOBRADO
121,VER MANCHAS
123,ZUMBIDO OUVIDO
125,COMER CATEGORIA ÁCIDO MAIS APIMENTADO
127,COMER COISAS ÓLEO
128,LOCAIS BARULHO
129,LOCAIS LUZ-FORTE
131,PERÍODO MENSTRUAR
132,NARIZ ESPIRRAR
139,BRAÇO MEXER-BRAÇO
140,PERNAS MEXER-PERNAS
142,MOVIMENTAR-CORPO DOR PIORAR
P08.2,SENTIR DOR DEPOIS DESAPARECER ENTÃO
145,ÁGUA QUENTE COLOCAR-BRAÇO
153,REPETIR POR-FAVOR
P09.1,PEITO DOR O-U FALTAR A-R INSPIRAR PIORAR MOMENTO FÍSICO ESFORÇAR
P09.3,PLANO ANDAR FÍSICO PIOR
P09.5,DEITAR CALMA PIOR
P09.6,SUBIR-ESCADA FÍSICO PIOR
P09.7,TOMAR-REMÉDIO AJUDAR CURAR PEITO DOR O-U FALTAR A-R ENTÃO
158,SUBIR-MORRO FÍSICO PIOR
162,TOMAR-BANHO CORPO PIOR
169,REMÉDIO CURAR-NÃO
P10,SOBRE DOR PERÍODO COMEÇA-EM-UM FRACO SEQUÊNCIA-CINCO MÉDIA ATÉ-DEZ EXTREMAMENTE-FORTE PERÍODO-TEMPO VOCÊ SENTIR QUAL ESSE-PERÍODO DOR EQUIVALER QUAL
P11.1,SENTIR DOR DEPOIS SUMIR OUTRA-VEZ SENTIR DOR SUMIR VOLTAR SUMIR
173,SEMPRE SEMPRE
P11.2,SENTIR DOR OUTRAS-VEZES DIVERSAS-VEZES ENTÃO
P11.3,NO-DECORRER-DO-TEMPO SENTIR DOR NO-TOTAL QUANTOS
174,TRÊS-VEZES DIA
178,CINCO ANO
P11.4,AO-LONGO-DO-TEMPO DOR COMO AUMENTAR O-U DIMINUIR
P12,DOR EXEMPLO AQUI LUGAR MESMO O-U ESPALHAR AQUI LUGARES ENTÃO
180,NUCA DOR ESPALHAR
182,QUEIXO DOR ESPALHAR
183,DOR ESPALHAR OMBRO
184,DOR BRAÇO-ESPALHAR
185,DOR BARRIGA-ESPALHAR BARRIGA
186,COSTAS DOR ESPALHAR
188,DOR PERNAS-ESPALHAR APONTAR-COXA
189,DOR PERNAS-ESPALHAR APONTAR-PERNA
190,SIM APERTAR-BRAÇO DOER
193,FICAR-EM-PÉ SENTAR DEITAR DOR PIORAR NÃO
P14,TER DOR FEBRE CALAFRIOS ESPIRRAR O-U SECREÇÃO-NASAL COLA
P15.3,CATARRO TER O-U TER-NÃO
194,TOSSE SECO
197,CATARRO COLA CLARO
200,CATARRO COLA VERDE
202,CATARRO COLA SANGUE PONTOS
P16,S-I CORIZA NENHUM COMO TER SENTIR DOR URINAR
P17.1,VOCÊ JÁ VACINAR COVID-19
P17.4,VOCÊ TRAZER CARTÃO-DE-VACINA
206,QUATRO VACINA
P20,VOCÊ TER RELATÓRIO AO-LONGO-DO-TEMPO
P21.1,DOCUMENTO REMÉDIO VOCÊ TRAZER
241,TRAZER RECEITA REMÉDIO
242,EU USAR REMÉDIO
P18.1,ENJOAR O-U VOMITAR
P18.4,UM SANGRAR DOIS M-U-C-O COLA TRÊS P-U-S COR MISTURAR AMARELO BRANCO MISTURAR ENTÃO
209,NENHUM VONTADE NADA VOMITAR
211,FRAGMENTOS MISTURAR MOLE
214,FEZES-LÍQUIDAS BRILHANTE
215,FEZES-LÍQUIDAS BORBULHAR
219,FEZES-LÍQUIDAS RESTOS COMIDA
222,DOR-BARRIGA NENHUM
P19.1,VOCÊ JÁ FAZER TRATAMENTO ALGUM DOENÇA ENTÃO
234,TOSSIR CATARRO VERMELHO
236,FÍGADO INFLAMADO
237,RINS FRACO
238,SUAR TIREÓIDE DIMINUIR
240,VÍCIO FUMAR
P22.2,MOMENTO VOCÊ TOMAR-MEDICAMENTO SURGIR TER ALERGIA TER
P22.3,QUAL MEDICAMENTO
245,ÁCARO ALERGIA
246,F-U-N-G-O-S SINAL FUNGO
247,ALERGIA FLOR PÓLEN
249,ALERGIA GATO
250,ALERGIA INSETO PICAR
251,ALERGIA GRUPO BORRACHA
252,ALERGIA LEITE
253,ALERGIA O-V-O OVO
254,ALERGIA COMER CATEGORIA ÁGUA-MAR
255,ALERGIA CATEGORIA T-R-I-G-O FARINHA
256,ALERGIA AMENDOIM
257,ALERGIA REMÉDIO NÃO-TER
P23.2,TOTAL TEMPO QUANTO
P23.3,DURANTE-O-DIA QUANTOS FUMAR
263,DEZ ANO
P24.1,BEBIDA ÁLCOOL VOCÊ BEBER VOCÊ
266,DOSE ÁLCOOL
273,UM LATA UMA-VEZ SEMANA
274,DOIS LATAS DUAS-VEZES SEMANA
275,UMA-GARRAFA TODOS-OS-DIAS
276,GARRAFA UMA-VEZ SEMANA
277,DOIS GARRAFAS DUAS-VEZES SEMANA
278,UMA-DOSE TOMAR TODO-DIA
279,DUAS-DOSES TOMAR DUAS-VEZES SEMANA
281,TAÇA TOMAR VINHO TODO-DIA
282,UM COPO CHEIO TODO-DIA
P25,VOCÊ FAZER JÁ CIRURGIA ALGUM PASSADO S-I SIM QUAL
27,CATARRO GRIPE
51,XIXI ESCURO
53,XIXI VERMELHO
56,VERMELHO FEZES
85,UM SEMANA
P06.2,COMO DOR
95,DOR OLHOS
110,DOR APERTAR
112,DOR QUEIMAR
117,SUAR SUAR
126,BEBER ÁLCOOL
P09.2,SUBIR-MORRO FÍSICO PIOR
P09.4,TOMAR-BANHO FÍSICO PIOR
160,PLANO ANDAR CORPO PIOR
164,DEITAR CALMA PIOR
166,SUBIR-ESCADA CORPO PIOR
175,DOIS SEMANA
177,UM ANO
P13.2,MOMENTO FICAR-EM-PÉ SENTAR DEITAR DOR PIORAR
P15.1,TER TOSSE
195,CATARRO COLA NENHUM
196,TOSSE CATARRO COLA
198,CATARRO COLA BRANCO
199,CATARRO COLA AMARELO
201,CATARRO COLA VERMELHO
P17.2,QUANTOS VACINAR
204,DOIS VACINA
207,NÃO VACINAR GRIPE
P21.2,USAR REMÉDIO
P18.3,COMO FEZES COMO
P18.5,VOCÊ BARRIGA DOR ENTÃO
217,FEZES-LÍQUIDAS BRANCO
P22.1,VOCÊ TER ALERGIA ENTÃO
258,ALERGIA NENHUM
P23.1,VOCÊ FUMAR
259,TER FUMAR SIM
261,UM ANO
P24.2,BEBIDA QUAL
