video,output,expected
WIN_20250331_17_52_22__Brio_Pro,Quando começou?,Quando começou?
WIN_20250331_17_35_47__Brio_Pro,Nariz obstruído,Nariz obstruído
WIN_20250516_13_55_35_Brio_Pro,1 mês,1 mês
WIN_20250331_17_54_16__Brio_Pro,1 hora,1 hora
WIN_20250331_17_26_43__Brio_Pro,Dor no braço,Dor no braço
WIN_20250516_13_50_07_Brio_Pro,Praticando exercício físico,Praticando exercício físico
WIN_20250516_13_50_47_Brio_Pro,Estava assentada,Estava assentada
WIN_20250331_17_34_04__Brio_Pro,Náusea,Náusea
WIN_20250516_14_27_12_Brio_Pro,Mastigar,Mastigar
WIN_20250331_17_44_34__Brio_Pro,Urinando muito,Urinando muito
WIN_20250331_17_50_43__Brio_Pro,Trabalho de parto ativo,Trabalho de parto ativo
WIN_20250331_17_48_46__Brio_Pro,Sudorese,Trauma psicológico
WIN_20250516_13_50_24_Brio_Pro,Em repouso,Em repouso
WIN_20250331_17_25_52__Brio_Pro,Dor lombar,Dor lombar
WIN_20250516_14_53_16_Brio_Pro,Não entendi,Entendi
WIN_20250516_14_18_16_Brio_Pro,Locais com barulho,Locais com barulho
WIN_20250516_14_00_09_Brio_Pro,Dor de um lado da cabeça,Dor dos dois lados da cabeça
WIN_20250516_14_31_55_Brio_Pro,A posição do corpo piora a dor,A posição do corpo piora a dor
WIN_20250516_13_49_13_Brio_Pro,Comendo,Comendo
WIN_20250331_17_42_42__Brio_Pro,Ardor para urinar,Ardor para urinar
WIN_20250516_14_10_09_Brio_Pro,Dor em queimação,Dor em queimação
WIN_20250516_14_31_00_Brio_Pro,Mexer o pescoço,Mexer o pescoço
WIN_20250516_14_50_06_Brio_Pro,U,R
WIN_20250516_14_22_09_Brio_Pro,Período menstrual,Período menstrual
WIN_20250516_13_51_20_Brio_Pro,Não lembro,Não lembro
WIN_20250331_17_22_03__Brio_Pro,Alteração do estado mental,Alteração do estado mental
WIN_20250516_14_05_03_Brio_Pro,Dor nos testículos direito e esquerdo,Dor nos testículos direito e esquerdo
WIN_20250516_13_56_38_Brio_Pro,Gin,Sim
WIN_20250516_14_36_04_Brio_Pro,Ficar em jejum,Ficar em jejum
WIN_20250331_17_26_27__Brio_Pro,Dor de garganta,Dor de garganta
WIN_20250516_14_35_41_Brio_Pro,Usar medicamento,Usar medicamento
WIN_20250516_14_13_51_Brio_Pro,Sudorese,Sudorese
WIN_20250516_14_00_26_Brio_Pro,Dor latejante,Dor na testa
WIN_20250516_14_12_01_Brio_Pro,Cólica,Cólica
WIN_20250516_14_51_26_Brio_Pro,W,V
WIN_20250516_14_33_25_Brio_Pro,Colocar água fria,Colocar água fria
WIN_20250516_14_09_30_Brio_Pro,Dor em aperto,Dor em aperto
WIN_20250516_14_51_39_Brio_Pro,W,W
WIN_20250516_13_49_39_Brio_Pro,Tosse,Tossindo
WIN_20250516_13_53_14_Brio_Pro,Qual é a quantidade de urina?,Qual é o tempo de duração?
WIN_20250331_17_37_49__Brio_Pro,Calafrio,Calafrio
WIN_20250331_17_41_27__Brio_Pro,Locais com barulho,Picada de escorpião
WIN_20250516_14_47_37_Brio_Pro,L,L
WIN_20250331_17_33_01__Brio_Pro,Infarto,Palpitação
WIN_20250516_14_16_03_Brio_Pro,Comendo alimentos ácidos e picantes,Comer alimentos ácidos e picantes
WIN_20250331_17_37_31__Brio_Pro,Febre,Febre
WIN_20250331_17_42_09__Brio_Pro,Problema nos ouvidos,Problema nos ouvidos
WIN_20250516_14_05_26_Brio_Pro,Como é a dor?,Como é a dor?
WIN_20250331_17_33_15__Brio_Pro,Tonteira,Desmaio
WIN_20250331_17_45_03__Brio_Pro,Urina escura,Urina escura
WIN_20250516_13_58_39_Brio_Pro,Uísque,Não
WIN_20250331_17_44_13__Brio_Pro,Urinando pouco,Urinando pouco
WIN_20250331_17_52_44__Brio_Pro,30 minutos,30 minutos
WIN_20250516_14_52_27_Brio_Pro,G,Z
WIN_20250516_14_14_05_Brio_Pro,A dor irradia para a mandíbula,Lacrimejamento
WIN_20250331_17_38_44__Brio_Pro,Tentativa de suicídio,Tentativa de suicídio
WIN_20250331_17_52_34__Brio_Pro,15 minutos,15 minutos
WIN_20250331_17_31_57__Brio_Pro,Chieira,Chieira
WIN_20250516_13_56_18_Brio_Pro,Por que você procurou atendimento nesse momento? Houve piora do quadro?,Por que você procurou atendimento nesse momento? Houve piora do quadro?
WIN_20250516_14_16_29_Brio_Pro,Alcoolismo,Beber bebidas alcoólicas
WIN_20250331_17_36_15__Brio_Pro,Urinando muito,Feridas na pele
WIN_20250331_17_41_40__Brio_Pro,Pressão arterial alterada,Pressão arterial alterada
WIN_20250331_17_35_33__Brio_Pro,Nariz escorrendo,Nariz escorrendo
WIN_20250516_13_53_50_Brio_Pro,6 horas,6 horas
WIN_20250516_13_47_35_Brio_Pro,2 meses,2 meses
WIN_20250331_17_24_29__Brio_Pro,Dor lancinante,Dor de cabeça
WIN_20250516_14_05_54_Brio_Pro,Dor profunda,Dor profunda
WIN_20250516_14_27_42_Brio_Pro,Andar,Andar
WIN_20250516_14_53_28_Brio_Pro,Obrigado,Obrigado
WIN_20250516_14_29_34_Brio_Pro,Apertar,Apertar
WIN_20250331_17_25_22__Brio_Pro,Dor no peito,Dor no peito
WIN_20250516_14_04_01_Brio_Pro,Dor nos ombros,Dor nos ombros
WIN_20250516_14_03_15_Brio_Pro,Dor na bexiga,Dor na bexiga
WIN_20250331_17_49_49__Brio_Pro,Lesão por arma branca,Lesão por arma branca
WIN_20250516_14_35_21_Brio_Pro,Colocar água quente,Colocar água quente
WIN_20250516_13_59_54_Brio_Pro,Dor no ouvido,Dor no ouvido
WIN_20250516_14_38_42_Brio_Pro,H,H
WIN_20250331_17_41_13__Brio_Pro,Locais com barulho,Picada de cobra
WIN_20250516_14_04_33_Brio_Pro,Dor no joelho direito e esquerdo,Dor no joelho direito e esquerdo
WIN_20250516_14_37_53_Brio_Pro,F,F
WIN_20250516_14_01_33_Brio_Pro,Dor no lado direito e esquedo da barriga,Dor no lado direito e esquerdo da barriga
WIN_20250331_17_50_56__Brio_Pro,Sangramento vaginal,Sangramento vaginal
WIN_20250516_14_53_51_Brio_Pro,"Repita, por favor","Repita, por favor"
WIN_20250516_14_37_03_Brio_Pro,C,C
WIN_20250516_14_53_00_Brio_Pro,Iminência de dor,Devagar
WIN_20250516_14_11_06_Brio_Pro,Dor em choque,Dor em choque
WIN_20250516_14_49_23_Brio_Pro,Q,Q
WIN_20250516_13_54_47_Brio_Pro,Não lembro,3 dias
WIN_20250331_17_27_00__Brio_Pro,A dor irradia para a perna,Dor na perna
WIN_20250331_17_28_43__Brio_Pro,Dor no pé,Dor no pé
WIN_20250516_14_15_38_Brio_Pro,Existe algum fator de piora?,Existe algum fator de piora?
WIN_20250516_14_54_39_Brio_Pro,Não entendi,Não entendi
WIN_20250516_14_54_17_Brio_Pro,Mastigar,Pare
WIN_20250516_14_01_08_Brio_Pro,Dor nos olhos,Dor nos olhos
WIN_20250516_14_38_09_Brio_Pro,U,G
WIN_20250516_14_47_51_Brio_Pro,M,M
WIN_20250331_17_24_06__Brio_Pro,Convulsão,Convulsão
WIN_20250516_14_15_10_Brio_Pro,Zumbido,Zumbido
WIN_20250331_17_41_55__Brio_Pro,Locais com barulho,Problema nos olhos
WIN_20250331_17_25_38__Brio_Pro,Dor na nuca,Dor nas costas
WIN_20250331_17_33_31__Brio_Pro,Champanhe,Diarreia
WIN_20250516_14_48_58_Brio_Pro,O,O
WIN_20250516_14_10_23_Brio_Pro,Dor em pontada,Dor em pontada
WIN_20250331_17_39_10__Brio_Pro,Colocar água quente,Mordida de cachorro
WIN_20250331_17_25_06__Brio_Pro,Dor no pescoço,Dor no pescoço
WIN_20250516_14_09_14_Brio_Pro,Dor lancinante,Dor lancinante
WIN_20250516_14_20_08_Brio_Pro,Fazer esforço físico,Fazer esforço físico
WIN_20250516_14_15_23_Brio_Pro,Gases,Gases
WIN_20250516_13_55_02_Brio_Pro,Duas semanas,1 semana
WIN_20250331_17_32_16__Brio_Pro,Falta de ar,Dificuldade para respirar
WIN_20250331_17_49_28__Brio_Pro,Branco,Queimaduras
WIN_20250516_14_01_19_Brio_Pro,Dor no meio da barriga,Dor no meio da barriga
WIN_20250331_17_48_32__Brio_Pro,Trauma físico,Trauma físico
WIN_20250331_17_35_09__Brio_Pro,Tosse,Tosse
WIN_20250331_17_38_26__Brio_Pro,Você tem alguma dor fixa?,Glicemia alterada
WIN_20250516_14_54_51_Brio_Pro,Continue,Continue
WIN_20250516_13_49_24_Brio_Pro,I,Bebendo
WIN_20250516_14_54_02_Brio_Pro,Devagar,Pare
WIN_20250516_14_04_17_Brio_Pro,Dor no braço direito e esquerdo,Dor no braço direito e esquerdo
WIN_20250516_14_50_28_Brio_Pro,S,S
WIN_20250516_14_14_56_Brio_Pro,Aumento da vontade de urinar,Aumento da vontade de urinar
WIN_20250516_14_05_39_Brio_Pro,Dor latejante,Dor latejante
WIN_20250516_14_50_40_Brio_Pro,F,T
WIN_20250331_17_47_23__Brio_Pro,Tonteira,Tonteira
WIN_20250516_14_04_48_Brio_Pro,Dor na perna direita e esquerda,Dor na perna direita e esquerda
WIN_20250516_14_00_40_Brio_Pro,Dor na nuca,Dor na nuca
WIN_20250516_14_12_51_Brio_Pro,A dor é como se fosse em fincada?,A dor é como se fosse em fincada?
WIN_20250331_17_51_09__Brio_Pro,Vômitos com sangue,Vômitos com sangue
WIN_20250516_14_29_20_Brio_Pro,Estresse,Estresse
WIN_20250331_17_50_30__Brio_Pro,Iminência de trabalho de parto,Iminência de trabalho de parto
WIN_20250331_17_22_24__Brio_Pro,Confusão,Confusão
WIN_20250516_14_46_54_Brio_Pro,I,I
WIN_20250516_14_37_30_Brio_Pro,E,E
WIN_20250516_13_59_19_Brio_Pro,Onde é a dor?,Onde é a dor?
WIN_20250331_17_34_21__Brio_Pro,Vômito,Vômito
WIN_20250516_14_47_25_Brio_Pro,K,K
WIN_20250331_17_33_46__Brio_Pro,Você tem alguma sangramento com sangue?,Diarreia com sangue
WIN_20250331_17_47_11__Brio_Pro,Sangramento nas fezes,Sangramento nas fezes
WIN_20250516_14_17_56_Brio_Pro,Comer alimentos gordurosos,Comer alimentos gordurosos
WIN_20250331_17_46_44__Brio_Pro,Sangramento pela boca,Sangramento pela boca
WIN_20250516_14_33_10_Brio_Pro,Deitar,Deitar
WIN_20250516_14_18_34_Brio_Pro,Locais com luminosidade excessiva,Locais com luminosidade excessiva
WIN_20250516_14_37_15_Brio_Pro,A dor é como se fosse em aperto?,D
WIN_20250516_13_59_39_Brio_Pro,Dor de um lado da cabeça,Dor de um lado da cabeça
WIN_20250331_17_37_16__Brio_Pro,Coceira,Coceira
WIN_20250516_13_51_06_Brio_Pro,Estava mudando de posição de sentada para de pé,Estava mudando de posição de sentada para de pé
WIN_20250331_17_46_12__Brio_Pro,Urina com espuma,Urina com espuma
WIN_20250516_14_12_36_Brio_Pro,A dor é como se fosse em queimação?,A dor é como se fosse em queimação?
WIN_20250516_14_08_57_Brio_Pro,Dor superficial,Dor superficial
WIN_20250516_14_36_46_Brio_Pro,B,B
WIN_20250516_14_13_31_Brio_Pro,"Junto desse sintoma, você sente mais alguma coisa?","Junto desse sintoma, você sente mais alguma coisa?"
WIN_20250331_17_46_57__Brio_Pro,Sangramento pelo nariz,Sangramento pelo nariz
WIN_20250516_14_03_30_Brio_Pro,Dor no pé,Dor no baixo ventre
WIN_20250331_17_36_53__Brio_Pro,Pele com manchas vermelhas,Pele com manchas vermelhas
WIN_20250516_14_52_16_Brio_Pro,I,Y
WIN_20250331_17_26_10__Brio_Pro,Dor na barriga,Dor na barriga
WIN_20250331_17_43_58__Brio_Pro,Urina solta,Urina solta
WIN_20250516_13_49_53_Brio_Pro,Limpando a casa,Limpando a casa
WIN_20250331_17_38_07__Brio_Pro,Excesso de suor,Excesso de suor
WIN_20250516_14_36_32_Brio_Pro,A,A
WIN_20250331_17_35_59__Brio_Pro,Inchaço,Inchaço
WIN_20250331_17_39_23__Brio_Pro,Mordida de gato,Mordida de gato
WIN_20250516_14_00_54_Brio_Pro,Dor no ouvido direito e esquerdo,Dor no ouvido direito e esquerdo
WIN_20250516_14_13_10_Brio_Pro,Dor em choque,A dor é como se fosse em choque?
WIN_20250516_13_47_10_Brio_Pro,2 horas,2 horas
WIN_20250516_14_09_49_Brio_Pro,Fazer esforço físico,Dor em peso
WIN_20250331_17_36_31__Brio_Pro,Manchas na pele,Manchas na pele
WIN_20250331_17_46_31__Brio_Pro,Sangue na urina,Sangue na urina
WIN_20250331_17_50_11__Brio_Pro,Lesão por arma de fogo,Lesão por arma de fogo
WIN_20250516_14_14_44_Brio_Pro,Mancha na vista,Mancha na vista
WIN_20250516_14_14_32_Brio_Pro,Visão dupla,Visão dupla
WIN_20250516_14_11_40_Brio_Pro,Dor no lado direito e esquedo da barriga,Cólica menstrual
WIN_20250516_14_51_04_Brio_Pro,B,U
WIN_20250516_14_26_56_Brio_Pro,Mastigar,Mastigar
WIN_20250516_14_03_47_Brio_Pro,Dor na virilha,Dor na virilha
WIN_20250516_14_52_05_Brio_Pro,P,X
WIN_20250516_14_47_08_Brio_Pro,J,J
WIN_20250516_14_27_28_Brio_Pro,Engolir,Engolir
WIN_20250516_14_30_47_Brio_Pro,Mexer as pernas,Mexer as pernas
WIN_20250516_14_49_11_Brio_Pro,4,P
WIN_20250516_13_54_30_Brio_Pro,U,1 dia
WIN_20250516_13_48_28_Brio_Pro,Como começou? O que você estava fazendo no momento que começou?,Como começou? O que você estava fazendo no momento que começou?
WIN_20250516_14_12_20_Brio_Pro,A dor é como se fosse em peso?,A dor é como se fosse em peso?
WIN_20250516_14_14_19_Brio_Pro,Mal-estar,Mal-estar
WIN_20250331_17_22_34__Brio_Pro,Alteração comportamental,Alteração comportamental
WIN_20250516_14_48_04_Brio_Pro,N,N
WIN_20250516_14_53_40_Brio_Pro,Obrigado,Obrigado
WIN_20250331_17_34_48__Brio_Pro,Fezes escurecidas,Fezes escurecidas
WIN_20250516_14_32_57_Brio_Pro,Dor no peito,Existe algum fator de melhora?
WIN_20250516_14_30_29_Brio_Pro,Mexer o braço,Mexer o braço
WIN_20250331_17_49_01__Brio_Pro,Agressão,Agressão
WIN_20250331_17_28_25__Brio_Pro,Dor na panturrilha,Dor na panturrilha
WIN_20250331_17_21_49__Brio_Pro,"Junto desse sintoma, você sente mais alguma coisa?",O que você está sentindo que te fez procurar o hospital?
WIN_20250331_17_38_58__Brio_Pro,Mordeduras,Mordeduras
WIN_20250331_17_31_42__Brio_Pro,Falta de ar,Falta de ar
WIN_20250516_14_26_40_Brio_Pro,Dor lancinante,Espirrar
