date,sentence_id,person_id,video_id,video_path
2024-08-03 10:14:01,P09.1,43,03-08-2024_10-14-01_p0043_sP09.1_b3_RAW,/srv/projects2/captarlibras_finep/dataset_captarlibras/raw-data/frontal-cam/03-08-2024_10-14-01_p0043_sP09.1_b3_RAW--ZED-RGB_FRONT.avi
2024-08-03 10:15:14,P09.2,43,03-08-2024_10-15-14_p0043_sP09.2_b3_RAW,/srv/projects2/captarlibras_finep/dataset_captarlibras/raw-data/frontal-cam/03-08-2024_10-15-14_p0043_sP09.2_b3_RAW--ZED-RGB_FRONT.avi
2024-08-03 10:15:44,158,43,03-08-2024_10-15-44_p0043_s158_b3_RAW,/srv/projects2/captarlibras_finep/dataset_captarlibras/raw-data/frontal-cam/03-08-2024_10-15-44_p0043_s158_b3_RAW--ZED-RGB_FRONT.avi
2024-08-03 10:16:09,159,43,03-08-2024_10-16-09_p0043_s159_b3_RAW,/srv/projects2/captarlibras_finep/dataset_captarlibras/raw-data/frontal-cam/03-08-2024_10-16-09_p0043_s159_b3_RAW--ZED-RGB_FRONT.avi
2024-08-03 10:16:37,P09.3,43,03-08-2024_10-16-37_p0043_sP09.3_b3_RAW,/srv/projects2/captarlibras_finep/dataset_captarlibras/raw-data/frontal-cam/03-08-2024_10-16-37_p0043_sP09.3_b3_RAW--ZED-RGB_FRONT.avi
2024-08-03 10:18:36,160,43,03-08-2024_10-18-36_p0043_s160_b3_RAW,/srv/projects2/captarlibras_finep/dataset_captarlibras/raw-data/frontal-cam/03-08-2024_10-18-36_p0043_s160_b3_RAW--ZED-RGB_FRONT.avi
2024-08-03 10:20:34,161,43,03-08-2024_10-20-34_p0043_s161_b3_RAW,/srv/projects2/captarlibras_finep/dataset_captarlibras/raw-data/frontal-cam/03-08-2024_10-20-34_p0043_s161_b3_RAW--ZED-RGB_FRONT.avi
2024-08-03 10:21:19,P09.4,43,03-08-2024_10-21-19_p0043_sP09.4_b3_RAW,/srv/projects2/captarlibras_finep/dataset_captarlibras/raw-data/frontal-cam/03-08-2024_10-21-19_p0043_sP09.4_b3_RAW--ZED-RGB_FRONT.avi
2024-08-03 10:21:45,162,43,03-08-2024_10-21-45_p0043_s162_b3_RAW,/srv/projects2/captarlibras_finep/dataset_captarlibras/raw-data/frontal-cam/03-08-2024_10-21-45_p0043_s162_b3_RAW--ZED-RGB_FRONT.avi
2024-08-03 10:22:10,163,43,03-08-2024_10-22-10_p0043_s163_b3_RAW,/srv/projects2/captarlibras_finep/dataset_captarlibras/raw-data/frontal-cam/03-08-2024_10-22-10_p0043_s163_b3_RAW--ZED-RGB_FRONT.avi
2024-08-03 10:23:03,P09.5,43,03-08-2024_10-23-03_p0043_sP09.5_b3_RAW,/srv/projects2/captarlibras_finep/dataset_captarlibras/raw-data/frontal-cam/03-08-2024_10-23-03_p0043_sP09.5_b3_RAW--ZED-RGB_FRONT.avi
2024-08-03 10:23:25,164,43,03-08-2024_10-23-25_p0043_s164_b3_RAW,/srv/projects2/captarlibras_finep/dataset_captarlibras/raw-data/frontal-cam/03-08-2024_10-23-25_p0043_s164_b3_RAW--ZED-RGB_FRONT.avi
2024-08-03 10:23:46,165,43,03-08-2024_10-23-46_p0043_s165_b3_RAW,/srv/projects2/captarlibras_finep/dataset_captarlibras/raw-data/frontal-cam/03-08-2024_10-23-46_p0043_s165_b3_RAW--ZED-RGB_FRONT.avi
2024-08-03 10:24:15,P09.6,43,03-08-2024_10-24-15_p0043_sP09.6_b3_RAW,/srv/projects2/captarlibras_finep/dataset_captarlibras/raw-data/frontal-cam/03-08-2024_10-24-15_p0043_sP09.6_b3_RAW--ZED-RGB_FRONT.avi
2024-08-03 10:24:49,166,43,03-08-2024_10-24-49_p0043_s166_b3_RAW,/srv/projects2/captarlibras_finep/dataset_captarlibras/raw-data/frontal-cam/03-08-2024_10-24-49_p0043_s166_b3_RAW--ZED-RGB_FRONT.avi
2024-08-03 10:25:12,167,43,03-08-2024_10-25-12_p0043_s167_b3_RAW,/srv/projects2/captarlibras_finep/dataset_captarlibras/raw-data/frontal-cam/03-08-2024_10-25-12_p0043_s167_b3_RAW--ZED-RGB_FRONT.avi
2024-08-03 10:27:17,168,43,03-08-2024_10-27-17_p0043_s168_b3_RAW,/srv/projects2/captarlibras_finep/dataset_captarlibras/raw-data/frontal-cam/03-08-2024_10-27-17_p0043_s168_b3_RAW--ZED-RGB_FRONT.avi
2024-08-03 10:27:38,169,43,03-08-2024_10-27-38_p0043_s169_b3_RAW,/srv/projects2/captarlibras_finep/dataset_captarlibras/raw-data/frontal-cam/03-08-2024_10-27-38_p0043_s169_b3_RAW--ZED-RGB_FRONT.avi
2024-08-03 10:33:20,170.0,43,03-08-2024_10-33-20_p0043_s170.0_b3_RAW,/srv/projects2/captarlibras_finep/dataset_captarlibras/raw-data/frontal-cam/03-08-2024_10-33-20_p0043_s170.0_b3_RAW--ZED-RGB_FRONT.avi
2024-08-03 10:33:41,170.1,43,03-08-2024_10-33-41_p0043_s170.1_b3_RAW,/srv/projects2/captarlibras_finep/dataset_captarlibras/raw-data/frontal-cam/03-08-2024_10-33-41_p0043_s170.1_b3_RAW--ZED-RGB_FRONT.avi
2024-08-03 10:34:02,170.2,43,03-08-2024_10-34-02_p0043_s170.2_b3_RAW,/srv/projects2/captarlibras_finep/dataset_captarlibras/raw-data/frontal-cam/03-08-2024_10-34-02_p0043_s170.2_b3_RAW--ZED-RGB_FRONT.avi
2024-08-03 10:34:37,170.3,43,03-08-2024_10-34-37_p0043_s170.3_b3_RAW,/srv/projects2/captarlibras_finep/dataset_captarlibras/raw-data/frontal-cam/03-08-2024_10-34-37_p0043_s170.3_b3_RAW--ZED-RGB_FRONT.avi
2024-08-03 10:34:57,170.4,43,03-08-2024_10-34-57_p0043_s170.4_b3_RAW,/srv/projects2/captarlibras_finep/dataset_captarlibras/raw-data/frontal-cam/03-08-2024_10-34-57_p0043_s170.4_b3_RAW--ZED-RGB_FRONT.avi
2024-08-03 10:35:18,170.5,43,03-08-2024_10-35-18_p0043_s170.5_b3_RAW,/srv/projects2/captarlibras_finep/dataset_captarlibras/raw-data/frontal-cam/03-08-2024_10-35-18_p0043_s170.5_b3_RAW--ZED-RGB_FRONT.avi
2024-08-03 10:35:33,170.6,43,03-08-2024_10-35-33_p0043_s170.6_b3_RAW,/srv/projects2/captarlibras_finep/dataset_captarlibras/raw-data/frontal-cam/03-08-2024_10-35-33_p0043_s170.6_b3_RAW--ZED-RGB_FRONT.avi
2024-08-03 10:35:50,170.7,43,03-08-2024_10-35-50_p0043_s170.7_b3_RAW,/srv/projects2/captarlibras_finep/dataset_captarlibras/raw-data/frontal-cam/03-08-2024_10-35-50_p0043_s170.7_b3_RAW--ZED-RGB_FRONT.avi
2024-08-03 10:36:06,170.8,43,03-08-2024_10-36-06_p0043_s170.8_b3_RAW,/srv/projects2/captarlibras_finep/dataset_captarlibras/raw-data/frontal-cam/03-08-2024_10-36-06_p0043_s170.8_b3_RAW--ZED-RGB_FRONT.avi
2024-08-03 10:36:20,170.9,43,03-08-2024_10-36-20_p0043_s170.9_b3_RAW,/srv/projects2/captarlibras_finep/dataset_captarlibras/raw-data/frontal-cam/03-08-2024_10-36-20_p0043_s170.9_b3_RAW--ZED-RGB_FRONT.avi
2024-08-03 10:36:34,170.10,43,03-08-2024_10-36-34_p0043_s170.10_b3_RAW,/srv/projects2/captarlibras_finep/dataset_captarlibras/raw-data/frontal-cam/03-08-2024_10-36-34_p0043_s170.10_b3_RAW--ZED-RGB_FRONT.avi
2024-08-03 10:37:39,171,43,03-08-2024_10-37-39_p0043_s171_b3_RAW,/srv/projects2/captarlibras_finep/dataset_captarlibras/raw-data/frontal-cam/03-08-2024_10-37-39_p0043_s171_b3_RAW--ZED-RGB_FRONT.avi
2024-08-03 10:38:01,172,43,03-08-2024_10-38-01_p0043_s172_b3_RAW,/srv/projects2/captarlibras_finep/dataset_captarlibras/raw-data/frontal-cam/03-08-2024_10-38-01_p0043_s172_b3_RAW--ZED-RGB_FRONT.avi
2024-08-03 10:38:22,173,43,03-08-2024_10-38-22_p0043_s173_b3_RAW,/srv/projects2/captarlibras_finep/dataset_captarlibras/raw-data/frontal-cam/03-08-2024_10-38-22_p0043_s173_b3_RAW--ZED-RGB_FRONT.avi
2024-08-03 10:38:50,P11.2,43,03-08-2024_10-38-50_p0043_sP11.2_b3_RAW,/srv/projects2/captarlibras_finep/dataset_captarlibras/raw-data/frontal-cam/03-08-2024_10-38-50_p0043_sP11.2_b3_RAW--ZED-RGB_FRONT.avi
2024-08-03 10:39:16,174,43,03-08-2024_10-39-16_p0043_s174_b3_RAW,/srv/projects2/captarlibras_finep/dataset_captarlibras/raw-data/frontal-cam/03-08-2024_10-39-16_p0043_s174_b3_RAW--ZED-RGB_FRONT.avi
2024-08-03 10:39:39,P11.3,43,03-08-2024_10-39-39_p0043_sP11.3_b3_RAW,/srv/projects2/captarlibras_finep/dataset_captarlibras/raw-data/frontal-cam/03-08-2024_10-39-39_p0043_sP11.3_b3_RAW--ZED-RGB_FRONT.avi
2024-08-03 10:43:25,175,43,03-08-2024_10-43-25_p0043_s175_b3_RAW,/srv/projects2/captarlibras_finep/dataset_captarlibras/raw-data/frontal-cam/03-08-2024_10-43-25_p0043_s175_b3_RAW--ZED-RGB_FRONT.avi
2024-08-03 10:43:44,176,43,03-08-2024_10-43-44_p0043_s176_b3_RAW,/srv/projects2/captarlibras_finep/dataset_captarlibras/raw-data/frontal-cam/03-08-2024_10-43-44_p0043_s176_b3_RAW--ZED-RGB_FRONT.avi
2024-08-03 10:44:03,177,43,03-08-2024_10-44-03_p0043_s177_b3_RAW,/srv/projects2/captarlibras_finep/dataset_captarlibras/raw-data/frontal-cam/03-08-2024_10-44-03_p0043_s177_b3_RAW--ZED-RGB_FRONT.avi
2024-08-03 10:44:20,178,43,03-08-2024_10-44-20_p0043_s178_b3_RAW,/srv/projects2/captarlibras_finep/dataset_captarlibras/raw-data/frontal-cam/03-08-2024_10-44-20_p0043_s178_b3_RAW--ZED-RGB_FRONT.avi
2024-08-03 10:44:54,P11.4,43,03-08-2024_10-44-54_p0043_sP11.4_b3_RAW,/srv/projects2/captarlibras_finep/dataset_captarlibras/raw-data/frontal-cam/03-08-2024_10-44-54_p0043_sP11.4_b3_RAW--ZED-RGB_FRONT.avi
2024-08-03 11:04:44,P11.5,43,03-08-2024_11-04-44_p0043_sP11.5_b3_RAW,/srv/projects2/captarlibras_finep/dataset_captarlibras/raw-data/frontal-cam/03-08-2024_11-04-44_p0043_sP11.5_b3_RAW--ZED-RGB_FRONT.avi
2024-08-03 11:05:56,179,43,03-08-2024_11-05-56_p0043_s179_b3_RAW,/srv/projects2/captarlibras_finep/dataset_captarlibras/raw-data/frontal-cam/03-08-2024_11-05-56_p0043_s179_b3_RAW--ZED-RGB_FRONT.avi
2024-08-03 11:06:53,181,43,03-08-2024_11-06-53_p0043_s181_b3_RAW,/srv/projects2/captarlibras_finep/dataset_captarlibras/raw-data/frontal-cam/03-08-2024_11-06-53_p0043_s181_b3_RAW--ZED-RGB_FRONT.avi
2024-08-03 11:07:26,182,43,03-08-2024_11-07-26_p0043_s182_b3_RAW,/srv/projects2/captarlibras_finep/dataset_captarlibras/raw-data/frontal-cam/03-08-2024_11-07-26_p0043_s182_b3_RAW--ZED-RGB_FRONT.avi
2024-08-03 11:07:53,183,43,03-08-2024_11-07-53_p0043_s183_b3_RAW,/srv/projects2/captarlibras_finep/dataset_captarlibras/raw-data/frontal-cam/03-08-2024_11-07-53_p0043_s183_b3_RAW--ZED-RGB_FRONT.avi
2024-08-03 11:08:24,184,43,03-08-2024_11-08-24_p0043_s184_b3_RAW,/srv/projects2/captarlibras_finep/dataset_captarlibras/raw-data/frontal-cam/03-08-2024_11-08-24_p0043_s184_b3_RAW--ZED-RGB_FRONT.avi
2024-08-03 11:08:53,185,43,03-08-2024_11-08-53_p0043_s185_b3_RAW,/srv/projects2/captarlibras_finep/dataset_captarlibras/raw-data/frontal-cam/03-08-2024_11-08-53_p0043_s185_b3_RAW--ZED-RGB_FRONT.avi
2024-08-03 11:09:29,186,43,03-08-2024_11-09-29_p0043_s186_b3_RAW,/srv/projects2/captarlibras_finep/dataset_captarlibras/raw-data/frontal-cam/03-08-2024_11-09-29_p0043_s186_b3_RAW--ZED-RGB_FRONT.avi
2024-08-03 11:09:58,187,43,03-08-2024_11-09-58_p0043_s187_b3_RAW,/srv/projects2/captarlibras_finep/dataset_captarlibras/raw-data/frontal-cam/03-08-2024_11-09-58_p0043_s187_b3_RAW--ZED-RGB_FRONT.avi
2024-08-03 11:10:49,188,43,03-08-2024_11-10-49_p0043_s188_b3_RAW,/srv/projects2/captarlibras_finep/dataset_captarlibras/raw-data/frontal-cam/03-08-2024_11-10-49_p0043_s188_b3_RAW--ZED-RGB_FRONT.avi
2024-08-03 11:11:12,189,43,03-08-2024_11-11-12_p0043_s189_b3_RAW,/srv/projects2/captarlibras_finep/dataset_captarlibras/raw-data/frontal-cam/03-08-2024_11-11-12_p0043_s189_b3_RAW--ZED-RGB_FRONT.avi
2024-08-03 11:12:12,190,43,03-08-2024_11-12-12_p0043_s190_b3_RAW,/srv/projects2/captarlibras_finep/dataset_captarlibras/raw-data/frontal-cam/03-08-2024_11-12-12_p0043_s190_b3_RAW--ZED-RGB_FRONT.avi
2024-08-03 11:12:35,191,43,03-08-2024_11-12-35_p0043_s191_b3_RAW,/srv/projects2/captarlibras_finep/dataset_captarlibras/raw-data/frontal-cam/03-08-2024_11-12-35_p0043_s191_b3_RAW--ZED-RGB_FRONT.avi
2024-08-03 11:13:04,P13.2,43,03-08-2024_11-13-04_p0043_sP13.2_b3_RAW,/srv/projects2/captarlibras_finep/dataset_captarlibras/raw-data/frontal-cam/03-08-2024_11-13-04_p0043_sP13.2_b3_RAW--ZED-RGB_FRONT.avi
2024-08-03 11:13:44,192,43,03-08-2024_11-13-44_p0043_s192_b3_RAW,/srv/projects2/captarlibras_finep/dataset_captarlibras/raw-data/frontal-cam/03-08-2024_11-13-44_p0043_s192_b3_RAW--ZED-RGB_FRONT.avi
2024-08-03 11:14:18,193,43,03-08-2024_11-14-18_p0043_s193_b3_RAW,/srv/projects2/captarlibras_finep/dataset_captarlibras/raw-data/frontal-cam/03-08-2024_11-14-18_p0043_s193_b3_RAW--ZED-RGB_FRONT.avi
2024-08-03 11:14:47,P14,43,03-08-2024_11-14-47_p0043_sP14_b3_RAW,/srv/projects2/captarlibras_finep/dataset_captarlibras/raw-data/frontal-cam/03-08-2024_11-14-47_p0043_sP14_b3_RAW--ZED-RGB_FRONT.avi
2024-08-03 11:15:23,P15.1,43,03-08-2024_11-15-23_p0043_sP15.1_b3_RAW,/srv/projects2/captarlibras_finep/dataset_captarlibras/raw-data/frontal-cam/03-08-2024_11-15-23_p0043_sP15.1_b3_RAW--ZED-RGB_FRONT.avi
2024-08-03 11:16:12,P15.2,43,03-08-2024_11-16-12_p0043_sP15.2_b3_RAW,/srv/projects2/captarlibras_finep/dataset_captarlibras/raw-data/frontal-cam/03-08-2024_11-16-12_p0043_sP15.2_b3_RAW--ZED-RGB_FRONT.avi
2024-08-03 11:16:33,194,43,03-08-2024_11-16-33_p0043_s194_b3_RAW,/srv/projects2/captarlibras_finep/dataset_captarlibras/raw-data/frontal-cam/03-08-2024_11-16-33_p0043_s194_b3_RAW--ZED-RGB_FRONT.avi
2024-08-03 11:17:54,P15.3,43,03-08-2024_11-17-54_p0043_sP15.3_b3_RAW,/srv/projects2/captarlibras_finep/dataset_captarlibras/raw-data/frontal-cam/03-08-2024_11-17-54_p0043_sP15.3_b3_RAW--ZED-RGB_FRONT.avi
2024-08-03 11:18:19,195,43,03-08-2024_11-18-19_p0043_s195_b3_RAW,/srv/projects2/captarlibras_finep/dataset_captarlibras/raw-data/frontal-cam/03-08-2024_11-18-19_p0043_s195_b3_RAW--ZED-RGB_FRONT.avi
2024-08-03 11:18:50,196,43,03-08-2024_11-18-50_p0043_s196_b3_RAW,/srv/projects2/captarlibras_finep/dataset_captarlibras/raw-data/frontal-cam/03-08-2024_11-18-50_p0043_s196_b3_RAW--ZED-RGB_FRONT.avi
2024-08-03 11:19:16,P15.4,43,03-08-2024_11-19-16_p0043_sP15.4_b3_RAW,/srv/projects2/captarlibras_finep/dataset_captarlibras/raw-data/frontal-cam/03-08-2024_11-19-16_p0043_sP15.4_b3_RAW--ZED-RGB_FRONT.avi
2024-08-03 11:19:42,197,43,03-08-2024_11-19-42_p0043_s197_b3_RAW,/srv/projects2/captarlibras_finep/dataset_captarlibras/raw-data/frontal-cam/03-08-2024_11-19-42_p0043_s197_b3_RAW--ZED-RGB_FRONT.avi
2024-08-03 11:20:03,198,43,03-08-2024_11-20-03_p0043_s198_b3_RAW,/srv/projects2/captarlibras_finep/dataset_captarlibras/raw-data/frontal-cam/03-08-2024_11-20-03_p0043_s198_b3_RAW--ZED-RGB_FRONT.avi
2024-08-03 11:20:23,199,43,03-08-2024_11-20-23_p0043_s199_b3_RAW,/srv/projects2/captarlibras_finep/dataset_captarlibras/raw-data/frontal-cam/03-08-2024_11-20-23_p0043_s199_b3_RAW--ZED-RGB_FRONT.avi
2024-08-03 11:20:43,200,43,03-08-2024_11-20-43_p0043_s200_b3_RAW,/srv/projects2/captarlibras_finep/dataset_captarlibras/raw-data/frontal-cam/03-08-2024_11-20-43_p0043_s200_b3_RAW--ZED-RGB_FRONT.avi
2024-08-03 11:21:06,201,43,03-08-2024_11-21-06_p0043_s201_b3_RAW,/srv/projects2/captarlibras_finep/dataset_captarlibras/raw-data/frontal-cam/03-08-2024_11-21-06_p0043_s201_b3_RAW--ZED-RGB_FRONT.avi
2024-08-03 11:21:26,202,43,03-08-2024_11-21-26_p0043_s202_b3_RAW,/srv/projects2/captarlibras_finep/dataset_captarlibras/raw-data/frontal-cam/03-08-2024_11-21-26_p0043_s202_b3_RAW--ZED-RGB_FRONT.avi
2024-08-03 11:23:09,P16,43,03-08-2024_11-23-09_p0043_sP16_b3_RAW,/srv/projects2/captarlibras_finep/dataset_captarlibras/raw-data/frontal-cam/03-08-2024_11-23-09_p0043_sP16_b3_RAW--ZED-RGB_FRONT.avi
2024-08-03 11:23:40,P17.1,43,03-08-2024_11-23-40_p0043_sP17.1_b3_RAW,/srv/projects2/captarlibras_finep/dataset_captarlibras/raw-data/frontal-cam/03-08-2024_11-23-40_p0043_sP17.1_b3_RAW--ZED-RGB_FRONT.avi
2024-08-03 11:25:11,203,43,03-08-2024_11-25-11_p0043_s203_b3_RAW,/srv/projects2/captarlibras_finep/dataset_captarlibras/raw-data/frontal-cam/03-08-2024_11-25-11_p0043_s203_b3_RAW--ZED-RGB_FRONT.avi
2024-08-03 11:25:35,P17.2,43,03-08-2024_11-25-35_p0043_sP17.2_b3_RAW,/srv/projects2/captarlibras_finep/dataset_captarlibras/raw-data/frontal-cam/03-08-2024_11-25-35_p0043_sP17.2_b3_RAW--ZED-RGB_FRONT.avi
2024-08-03 11:25:56,204,43,03-08-2024_11-25-56_p0043_s204_b3_RAW,/srv/projects2/captarlibras_finep/dataset_captarlibras/raw-data/frontal-cam/03-08-2024_11-25-56_p0043_s204_b3_RAW--ZED-RGB_FRONT.avi
2024-08-03 11:26:44,206,43,03-08-2024_11-26-44_p0043_s206_b3_RAW,/srv/projects2/captarlibras_finep/dataset_captarlibras/raw-data/frontal-cam/03-08-2024_11-26-44_p0043_s206_b3_RAW--ZED-RGB_FRONT.avi
2024-08-03 11:27:02,P17.3,43,03-08-2024_11-27-02_p0043_sP17.3_b3_RAW,/srv/projects2/captarlibras_finep/dataset_captarlibras/raw-data/frontal-cam/03-08-2024_11-27-02_p0043_sP17.3_b3_RAW--ZED-RGB_FRONT.avi
2024-08-03 11:27:26,207,43,03-08-2024_11-27-26_p0043_s207_b3_RAW,/srv/projects2/captarlibras_finep/dataset_captarlibras/raw-data/frontal-cam/03-08-2024_11-27-26_p0043_s207_b3_RAW--ZED-RGB_FRONT.avi
2024-08-03 11:27:50,P17.4,43,03-08-2024_11-27-50_p0043_sP17.4_b3_RAW,/srv/projects2/captarlibras_finep/dataset_captarlibras/raw-data/frontal-cam/03-08-2024_11-27-50_p0043_sP17.4_b3_RAW--ZED-RGB_FRONT.avi
2024-08-03 11:28:13,208,43,03-08-2024_11-28-13_p0043_s208_b3_RAW,/srv/projects2/captarlibras_finep/dataset_captarlibras/raw-data/frontal-cam/03-08-2024_11-28-13_p0043_s208_b3_RAW--ZED-RGB_FRONT.avi
2024-08-03 11:29:21,P20,43,03-08-2024_11-29-21_p0043_sP20_b3_RAW,/srv/projects2/captarlibras_finep/dataset_captarlibras/raw-data/frontal-cam/03-08-2024_11-29-21_p0043_sP20_b3_RAW--ZED-RGB_FRONT.avi
2024-08-03 11:29:45,P21.1,43,03-08-2024_11-29-45_p0043_sP21.1_b3_RAW,/srv/projects2/captarlibras_finep/dataset_captarlibras/raw-data/frontal-cam/03-08-2024_11-29-45_p0043_sP21.1_b3_RAW--ZED-RGB_FRONT.avi
2024-08-03 11:30:05,241,43,03-08-2024_11-30-05_p0043_s241_b3_RAW,/srv/projects2/captarlibras_finep/dataset_captarlibras/raw-data/frontal-cam/03-08-2024_11-30-05_p0043_s241_b3_RAW--ZED-RGB_FRONT.avi
2024-08-03 11:30:31,243,43,03-08-2024_11-30-31_p0043_s243_b3_RAW,/srv/projects2/captarlibras_finep/dataset_captarlibras/raw-data/frontal-cam/03-08-2024_11-30-31_p0043_s243_b3_RAW--ZED-RGB_FRONT.avi
2024-08-03 11:30:59,P21.2,43,03-08-2024_11-30-59_p0043_sP21.2_b3_RAW,/srv/projects2/captarlibras_finep/dataset_captarlibras/raw-data/frontal-cam/03-08-2024_11-30-59_p0043_sP21.2_b3_RAW--ZED-RGB_FRONT.avi
2024-08-03 11:31:17,242,43,03-08-2024_11-31-17_p0043_s242_b3_RAW,/srv/projects2/captarlibras_finep/dataset_captarlibras/raw-data/frontal-cam/03-08-2024_11-31-17_p0043_s242_b3_RAW--ZED-RGB_FRONT.avi
2024-08-03 11:31:38,244,43,03-08-2024_11-31-38_p0043_s244_b3_RAW,/srv/projects2/captarlibras_finep/dataset_captarlibras/raw-data/frontal-cam/03-08-2024_11-31-38_p0043_s244_b3_RAW--ZED-RGB_FRONT.avi
2024-08-10 10:32:51,P04,43,10-08-2024_10-32-51_p0043_sP04_b2_RAW,/srv/projects2/captarlibras_finep/dataset_captarlibras/raw-data/frontal-cam/10-08-2024_10-32-51_p0043_sP04_b2_RAW--ZED-RGB_FRONT.avi
2024-08-10 10:33:25,82,43,10-08-2024_10-33-25_p0043_s82_b2_RAW,/srv/projects2/captarlibras_finep/dataset_captarlibras/raw-data/frontal-cam/10-08-2024_10-33-25_p0043_s82_b2_RAW--ZED-RGB_FRONT.avi
2024-08-10 10:33:45,83,43,10-08-2024_10-33-45_p0043_s83_b2_RAW,/srv/projects2/captarlibras_finep/dataset_captarlibras/raw-data/frontal-cam/10-08-2024_10-33-45_p0043_s83_b2_RAW--ZED-RGB_FRONT.avi
2024-08-10 10:34:04,84,43,10-08-2024_10-34-04_p0043_s84_b2_RAW,/srv/projects2/captarlibras_finep/dataset_captarlibras/raw-data/frontal-cam/10-08-2024_10-34-04_p0043_s84_b2_RAW--ZED-RGB_FRONT.avi
2024-08-10 10:34:29,85,43,10-08-2024_10-34-29_p0043_s85_b2_RAW,/srv/projects2/captarlibras_finep/dataset_captarlibras/raw-data/frontal-cam/10-08-2024_10-34-29_p0043_s85_b2_RAW--ZED-RGB_FRONT.avi
2024-08-10 10:34:49,86,43,10-08-2024_10-34-49_p0043_s86_b2_RAW,/srv/projects2/captarlibras_finep/dataset_captarlibras/raw-data/frontal-cam/10-08-2024_10-34-49_p0043_s86_b2_RAW--ZED-RGB_FRONT.avi
2024-08-10 10:35:11,P05,43,10-08-2024_10-35-11_p0043_sP05_b2_RAW,/srv/projects2/captarlibras_finep/dataset_captarlibras/raw-data/frontal-cam/10-08-2024_10-35-11_p0043_sP05_b2_RAW--ZED-RGB_FRONT.avi
2024-08-10 10:35:47,87,43,10-08-2024_10-35-47_p0043_s87_b2_RAW,/srv/projects2/captarlibras_finep/dataset_captarlibras/raw-data/frontal-cam/10-08-2024_10-35-47_p0043_s87_b2_RAW--ZED-RGB_FRONT.avi
2024-08-10 10:36:03,88,43,10-08-2024_10-36-03_p0043_s88_b2_RAW,/srv/projects2/captarlibras_finep/dataset_captarlibras/raw-data/frontal-cam/10-08-2024_10-36-03_p0043_s88_b2_RAW--ZED-RGB_FRONT.avi
2024-08-10 10:36:20,P06.1,43,10-08-2024_10-36-20_p0043_sP06.1_b2_RAW,/srv/projects2/captarlibras_finep/dataset_captarlibras/raw-data/frontal-cam/10-08-2024_10-36-20_p0043_sP06.1_b2_RAW--ZED-RGB_FRONT.avi
2024-08-10 10:36:40,89,43,10-08-2024_10-36-40_p0043_s89_b2_RAW,/srv/projects2/captarlibras_finep/dataset_captarlibras/raw-data/frontal-cam/10-08-2024_10-36-40_p0043_s89_b2_RAW--ZED-RGB_FRONT.avi
2024-08-10 10:37:01,90,43,10-08-2024_10-37-01_p0043_s90_b2_RAW,/srv/projects2/captarlibras_finep/dataset_captarlibras/raw-data/frontal-cam/10-08-2024_10-37-01_p0043_s90_b2_RAW--ZED-RGB_FRONT.avi
2024-08-10 10:37:37,91,43,10-08-2024_10-37-37_p0043_s91_b2_RAW,/srv/projects2/captarlibras_finep/dataset_captarlibras/raw-data/frontal-cam/10-08-2024_10-37-37_p0043_s91_b2_RAW--ZED-RGB_FRONT.avi
2024-08-10 10:38:01,92,43,10-08-2024_10-38-01_p0043_s92_b2_RAW,/srv/projects2/captarlibras_finep/dataset_captarlibras/raw-data/frontal-cam/10-08-2024_10-38-01_p0043_s92_b2_RAW--ZED-RGB_FRONT.avi
2024-08-10 10:38:25,93,43,10-08-2024_10-38-25_p0043_s93_b2_RAW,/srv/projects2/captarlibras_finep/dataset_captarlibras/raw-data/frontal-cam/10-08-2024_10-38-25_p0043_s93_b2_RAW--ZED-RGB_FRONT.avi
2024-08-10 10:38:47,94,43,10-08-2024_10-38-47_p0043_s94_b2_RAW,/srv/projects2/captarlibras_finep/dataset_captarlibras/raw-data/frontal-cam/10-08-2024_10-38-47_p0043_s94_b2_RAW--ZED-RGB_FRONT.avi
2024-08-10 10:39:08,95,43,10-08-2024_10-39-08_p0043_s95_b2_RAW,/srv/projects2/captarlibras_finep/dataset_captarlibras/raw-data/frontal-cam/10-08-2024_10-39-08_p0043_s95_b2_RAW--ZED-RGB_FRONT.avi
2024-08-10 10:39:32,96,43,10-08-2024_10-39-32_p0043_s96_b2_RAW,/srv/projects2/captarlibras_finep/dataset_captarlibras/raw-data/frontal-cam/10-08-2024_10-39-32_p0043_s96_b2_RAW--ZED-RGB_FRONT.avi
2024-08-10 10:39:56,97,43,10-08-2024_10-39-56_p0043_s97_b2_RAW,/srv/projects2/captarlibras_finep/dataset_captarlibras/raw-data/frontal-cam/10-08-2024_10-39-56_p0043_s97_b2_RAW--ZED-RGB_FRONT.avi
2024-08-10 10:40:21,98,43,10-08-2024_10-40-21_p0043_s98_b2_RAW,/srv/projects2/captarlibras_finep/dataset_captarlibras/raw-data/frontal-cam/10-08-2024_10-40-21_p0043_s98_b2_RAW--ZED-RGB_FRONT.avi
2024-08-10 10:40:46,99,43,10-08-2024_10-40-46_p0043_s99_b2_RAW,/srv/projects2/captarlibras_finep/dataset_captarlibras/raw-data/frontal-cam/10-08-2024_10-40-46_p0043_s99_b2_RAW--ZED-RGB_FRONT.avi
2024-08-10 10:41:08,100,43,10-08-2024_10-41-08_p0043_s100_b2_RAW,/srv/projects2/captarlibras_finep/dataset_captarlibras/raw-data/frontal-cam/10-08-2024_10-41-08_p0043_s100_b2_RAW--ZED-RGB_FRONT.avi
2024-08-10 10:41:30,101,43,10-08-2024_10-41-30_p0043_s101_b2_RAW,/srv/projects2/captarlibras_finep/dataset_captarlibras/raw-data/frontal-cam/10-08-2024_10-41-30_p0043_s101_b2_RAW--ZED-RGB_FRONT.avi
2024-08-10 10:41:49,102,43,10-08-2024_10-41-49_p0043_s102_b2_RAW,/srv/projects2/captarlibras_finep/dataset_captarlibras/raw-data/frontal-cam/10-08-2024_10-41-49_p0043_s102_b2_RAW--ZED-RGB_FRONT.avi
2024-08-10 10:42:27,103,43,10-08-2024_10-42-27_p0043_s103_b2_RAW,/srv/projects2/captarlibras_finep/dataset_captarlibras/raw-data/frontal-cam/10-08-2024_10-42-27_p0043_s103_b2_RAW--ZED-RGB_FRONT.avi
2024-08-10 10:42:52,104,43,10-08-2024_10-42-52_p0043_s104_b2_RAW,/srv/projects2/captarlibras_finep/dataset_captarlibras/raw-data/frontal-cam/10-08-2024_10-42-52_p0043_s104_b2_RAW--ZED-RGB_FRONT.avi
2024-08-10 10:43:32,105,43,10-08-2024_10-43-32_p0043_s105_b2_RAW,/srv/projects2/captarlibras_finep/dataset_captarlibras/raw-data/frontal-cam/10-08-2024_10-43-32_p0043_s105_b2_RAW--ZED-RGB_FRONT.avi
2024-08-10 10:43:56,P06.2,43,10-08-2024_10-43-56_p0043_sP06.2_b2_RAW,/srv/projects2/captarlibras_finep/dataset_captarlibras/raw-data/frontal-cam/10-08-2024_10-43-56_p0043_sP06.2_b2_RAW--ZED-RGB_FRONT.avi
2024-08-10 10:44:16,106,43,10-08-2024_10-44-16_p0043_s106_b2_RAW,/srv/projects2/captarlibras_finep/dataset_captarlibras/raw-data/frontal-cam/10-08-2024_10-44-16_p0043_s106_b2_RAW--ZED-RGB_FRONT.avi
2024-08-10 10:44:47,107,43,10-08-2024_10-44-47_p0043_s107_b2_RAW,/srv/projects2/captarlibras_finep/dataset_captarlibras/raw-data/frontal-cam/10-08-2024_10-44-47_p0043_s107_b2_RAW--ZED-RGB_FRONT.avi
2024-08-10 10:45:08,108,43,10-08-2024_10-45-08_p0043_s108_b2_RAW,/srv/projects2/captarlibras_finep/dataset_captarlibras/raw-data/frontal-cam/10-08-2024_10-45-08_p0043_s108_b2_RAW--ZED-RGB_FRONT.avi
2024-08-10 10:45:32,109,43,10-08-2024_10-45-32_p0043_s109_b2_RAW,/srv/projects2/captarlibras_finep/dataset_captarlibras/raw-data/frontal-cam/10-08-2024_10-45-32_p0043_s109_b2_RAW--ZED-RGB_FRONT.avi
2024-08-10 10:45:56,110,43,10-08-2024_10-45-56_p0043_s110_b2_RAW,/srv/projects2/captarlibras_finep/dataset_captarlibras/raw-data/frontal-cam/10-08-2024_10-45-56_p0043_s110_b2_RAW--ZED-RGB_FRONT.avi
2024-08-10 10:46:14,111,43,10-08-2024_10-46-14_p0043_s111_b2_RAW,/srv/projects2/captarlibras_finep/dataset_captarlibras/raw-data/frontal-cam/10-08-2024_10-46-14_p0043_s111_b2_RAW--ZED-RGB_FRONT.avi
2024-08-10 10:46:35,112,43,10-08-2024_10-46-35_p0043_s112_b2_RAW,/srv/projects2/captarlibras_finep/dataset_captarlibras/raw-data/frontal-cam/10-08-2024_10-46-35_p0043_s112_b2_RAW--ZED-RGB_FRONT.avi
2024-08-10 10:46:58,113,43,10-08-2024_10-46-58_p0043_s113_b2_RAW,/srv/projects2/captarlibras_finep/dataset_captarlibras/raw-data/frontal-cam/10-08-2024_10-46-58_p0043_s113_b2_RAW--ZED-RGB_FRONT.avi
2024-08-10 10:47:19,114,43,10-08-2024_10-47-19_p0043_s114_b2_RAW,/srv/projects2/captarlibras_finep/dataset_captarlibras/raw-data/frontal-cam/10-08-2024_10-47-19_p0043_s114_b2_RAW--ZED-RGB_FRONT.avi
2024-08-10 10:48:14,115,43,10-08-2024_10-48-14_p0043_s115_b2_RAW,/srv/projects2/captarlibras_finep/dataset_captarlibras/raw-data/frontal-cam/10-08-2024_10-48-14_p0043_s115_b2_RAW--ZED-RGB_FRONT.avi
2024-08-10 10:48:35,116,43,10-08-2024_10-48-35_p0043_s116_b2_RAW,/srv/projects2/captarlibras_finep/dataset_captarlibras/raw-data/frontal-cam/10-08-2024_10-48-35_p0043_s116_b2_RAW--ZED-RGB_FRONT.avi
2024-08-10 10:50:38,P07,43,10-08-2024_10-50-38_p0043_sP07_b2_RAW,/srv/projects2/captarlibras_finep/dataset_captarlibras/raw-data/frontal-cam/10-08-2024_10-50-38_p0043_sP07_b2_RAW--ZED-RGB_FRONT.avi
2024-08-10 10:51:06,117,43,10-08-2024_10-51-06_p0043_s117_b2_RAW,/srv/projects2/captarlibras_finep/dataset_captarlibras/raw-data/frontal-cam/10-08-2024_10-51-06_p0043_s117_b2_RAW--ZED-RGB_FRONT.avi
2024-08-10 10:51:27,118,43,10-08-2024_10-51-27_p0043_s118_b2_RAW,/srv/projects2/captarlibras_finep/dataset_captarlibras/raw-data/frontal-cam/10-08-2024_10-51-27_p0043_s118_b2_RAW--ZED-RGB_FRONT.avi
2024-08-10 10:51:48,119,43,10-08-2024_10-51-48_p0043_s119_b2_RAW,/srv/projects2/captarlibras_finep/dataset_captarlibras/raw-data/frontal-cam/10-08-2024_10-51-48_p0043_s119_b2_RAW--ZED-RGB_FRONT.avi
2024-08-10 10:52:17,120,43,10-08-2024_10-52-17_p0043_s120_b2_RAW,/srv/projects2/captarlibras_finep/dataset_captarlibras/raw-data/frontal-cam/10-08-2024_10-52-17_p0043_s120_b2_RAW--ZED-RGB_FRONT.avi
2024-08-10 10:52:39,121,43,10-08-2024_10-52-39_p0043_s121_b2_RAW,/srv/projects2/captarlibras_finep/dataset_captarlibras/raw-data/frontal-cam/10-08-2024_10-52-39_p0043_s121_b2_RAW--ZED-RGB_FRONT.avi
2024-08-10 10:53:04,122,43,10-08-2024_10-53-04_p0043_s122_b2_RAW,/srv/projects2/captarlibras_finep/dataset_captarlibras/raw-data/frontal-cam/10-08-2024_10-53-04_p0043_s122_b2_RAW--ZED-RGB_FRONT.avi
2024-08-10 10:53:27,123,43,10-08-2024_10-53-27_p0043_s123_b2_RAW,/srv/projects2/captarlibras_finep/dataset_captarlibras/raw-data/frontal-cam/10-08-2024_10-53-27_p0043_s123_b2_RAW--ZED-RGB_FRONT.avi
2024-08-10 10:53:48,124,43,10-08-2024_10-53-48_p0043_s124_b2_RAW,/srv/projects2/captarlibras_finep/dataset_captarlibras/raw-data/frontal-cam/10-08-2024_10-53-48_p0043_s124_b2_RAW--ZED-RGB_FRONT.avi
2024-08-10 10:55:13,P08.1,43,10-08-2024_10-55-13_p0043_sP08.1_b2_RAW,/srv/projects2/captarlibras_finep/dataset_captarlibras/raw-data/frontal-cam/10-08-2024_10-55-13_p0043_sP08.1_b2_RAW--ZED-RGB_FRONT.avi
2024-08-10 10:55:44,125,43,10-08-2024_10-55-44_p0043_s125_b2_RAW,/srv/projects2/captarlibras_finep/dataset_captarlibras/raw-data/frontal-cam/10-08-2024_10-55-44_p0043_s125_b2_RAW--ZED-RGB_FRONT.avi
2024-08-10 10:56:12,126,43,10-08-2024_10-56-12_p0043_s126_b2_RAW,/srv/projects2/captarlibras_finep/dataset_captarlibras/raw-data/frontal-cam/10-08-2024_10-56-12_p0043_s126_b2_RAW--ZED-RGB_FRONT.avi
2024-08-10 10:56:37,127,43,10-08-2024_10-56-37_p0043_s127_b2_RAW,/srv/projects2/captarlibras_finep/dataset_captarlibras/raw-data/frontal-cam/10-08-2024_10-56-37_p0043_s127_b2_RAW--ZED-RGB_FRONT.avi
2024-08-10 10:57:03,128,43,10-08-2024_10-57-03_p0043_s128_b2_RAW,/srv/projects2/captarlibras_finep/dataset_captarlibras/raw-data/frontal-cam/10-08-2024_10-57-03_p0043_s128_b2_RAW--ZED-RGB_FRONT.avi
2024-08-10 10:57:27,129,43,10-08-2024_10-57-27_p0043_s129_b2_RAW,/srv/projects2/captarlibras_finep/dataset_captarlibras/raw-data/frontal-cam/10-08-2024_10-57-27_p0043_s129_b2_RAW--ZED-RGB_FRONT.avi
2024-08-10 10:57:52,130,43,10-08-2024_10-57-52_p0043_s130_b2_RAW,/srv/projects2/captarlibras_finep/dataset_captarlibras/raw-data/frontal-cam/10-08-2024_10-57-52_p0043_s130_b2_RAW--ZED-RGB_FRONT.avi
2024-08-10 10:58:16,131,43,10-08-2024_10-58-16_p0043_s131_b2_RAW,/srv/projects2/captarlibras_finep/dataset_captarlibras/raw-data/frontal-cam/10-08-2024_10-58-16_p0043_s131_b2_RAW--ZED-RGB_FRONT.avi
2024-08-10 10:58:38,132,43,10-08-2024_10-58-38_p0043_s132_b2_RAW,/srv/projects2/captarlibras_finep/dataset_captarlibras/raw-data/frontal-cam/10-08-2024_10-58-38_p0043_s132_b2_RAW--ZED-RGB_FRONT.avi
2024-08-10 10:59:13,133,43,10-08-2024_10-59-13_p0043_s133_b2_RAW,/srv/projects2/captarlibras_finep/dataset_captarlibras/raw-data/frontal-cam/10-08-2024_10-59-13_p0043_s133_b2_RAW--ZED-RGB_FRONT.avi
2024-08-10 10:59:35,134,43,10-08-2024_10-59-35_p0043_s134_b2_RAW,/srv/projects2/captarlibras_finep/dataset_captarlibras/raw-data/frontal-cam/10-08-2024_10-59-35_p0043_s134_b2_RAW--ZED-RGB_FRONT.avi
2024-08-10 10:59:55,135,43,10-08-2024_10-59-55_p0043_s135_b2_RAW,/srv/projects2/captarlibras_finep/dataset_captarlibras/raw-data/frontal-cam/10-08-2024_10-59-55_p0043_s135_b2_RAW--ZED-RGB_FRONT.avi
2024-08-10 11:00:18,136,43,10-08-2024_11-00-18_p0043_s136_b2_RAW,/srv/projects2/captarlibras_finep/dataset_captarlibras/raw-data/frontal-cam/10-08-2024_11-00-18_p0043_s136_b2_RAW--ZED-RGB_FRONT.avi
2024-08-10 11:00:44,137,43,10-08-2024_11-00-44_p0043_s137_b2_RAW,/srv/projects2/captarlibras_finep/dataset_captarlibras/raw-data/frontal-cam/10-08-2024_11-00-44_p0043_s137_b2_RAW--ZED-RGB_FRONT.avi
2024-08-10 11:01:02,138,43,10-08-2024_11-01-02_p0043_s138_b2_RAW,/srv/projects2/captarlibras_finep/dataset_captarlibras/raw-data/frontal-cam/10-08-2024_11-01-02_p0043_s138_b2_RAW--ZED-RGB_FRONT.avi
2024-08-10 11:01:22,139,43,10-08-2024_11-01-22_p0043_s139_b2_RAW,/srv/projects2/captarlibras_finep/dataset_captarlibras/raw-data/frontal-cam/10-08-2024_11-01-22_p0043_s139_b2_RAW--ZED-RGB_FRONT.avi
2024-08-10 11:01:46,140,43,10-08-2024_11-01-46_p0043_s140_b2_RAW,/srv/projects2/captarlibras_finep/dataset_captarlibras/raw-data/frontal-cam/10-08-2024_11-01-46_p0043_s140_b2_RAW--ZED-RGB_FRONT.avi
2024-08-10 11:02:10,141,43,10-08-2024_11-02-10_p0043_s141_b2_RAW,/srv/projects2/captarlibras_finep/dataset_captarlibras/raw-data/frontal-cam/10-08-2024_11-02-10_p0043_s141_b2_RAW--ZED-RGB_FRONT.avi
2024-08-10 11:02:31,142,43,10-08-2024_11-02-31_p0043_s142_b2_RAW,/srv/projects2/captarlibras_finep/dataset_captarlibras/raw-data/frontal-cam/10-08-2024_11-02-31_p0043_s142_b2_RAW--ZED-RGB_FRONT.avi
2024-08-10 11:03:21,143,43,10-08-2024_11-03-21_p0043_s143_b2_RAW,/srv/projects2/captarlibras_finep/dataset_captarlibras/raw-data/frontal-cam/10-08-2024_11-03-21_p0043_s143_b2_RAW--ZED-RGB_FRONT.avi
2024-08-10 11:03:44,144,43,10-08-2024_11-03-44_p0043_s144_b2_RAW,/srv/projects2/captarlibras_finep/dataset_captarlibras/raw-data/frontal-cam/10-08-2024_11-03-44_p0043_s144_b2_RAW--ZED-RGB_FRONT.avi
2024-08-10 11:04:06,145,43,10-08-2024_11-04-06_p0043_s145_b2_RAW,/srv/projects2/captarlibras_finep/dataset_captarlibras/raw-data/frontal-cam/10-08-2024_11-04-06_p0043_s145_b2_RAW--ZED-RGB_FRONT.avi
2024-08-10 11:04:34,146,43,10-08-2024_11-04-34_p0043_s146_b2_RAW,/srv/projects2/captarlibras_finep/dataset_captarlibras/raw-data/frontal-cam/10-08-2024_11-04-34_p0043_s146_b2_RAW--ZED-RGB_FRONT.avi
2024-08-10 11:04:56,147,43,10-08-2024_11-04-56_p0043_s147_b2_RAW,/srv/projects2/captarlibras_finep/dataset_captarlibras/raw-data/frontal-cam/10-08-2024_11-04-56_p0043_s147_b2_RAW--ZED-RGB_FRONT.avi
2024-08-10 11:06:01,148.1,43,10-08-2024_11-06-01_p0043_s148.1_b2_RAW,/srv/projects2/captarlibras_finep/dataset_captarlibras/raw-data/frontal-cam/10-08-2024_11-06-01_p0043_s148.1_b2_RAW--ZED-RGB_FRONT.avi
2024-08-10 11:06:16,148.2,43,10-08-2024_11-06-16_p0043_s148.2_b2_RAW,/srv/projects2/captarlibras_finep/dataset_captarlibras/raw-data/frontal-cam/10-08-2024_11-06-16_p0043_s148.2_b2_RAW--ZED-RGB_FRONT.avi
2024-08-10 11:06:32,148.3,43,10-08-2024_11-06-32_p0043_s148.3_b2_RAW,/srv/projects2/captarlibras_finep/dataset_captarlibras/raw-data/frontal-cam/10-08-2024_11-06-32_p0043_s148.3_b2_RAW--ZED-RGB_FRONT.avi
2024-08-10 11:06:48,148.4,43,10-08-2024_11-06-48_p0043_s148.4_b2_RAW,/srv/projects2/captarlibras_finep/dataset_captarlibras/raw-data/frontal-cam/10-08-2024_11-06-48_p0043_s148.4_b2_RAW--ZED-RGB_FRONT.avi
2024-08-10 11:07:53,148.5,43,10-08-2024_11-07-53_p0043_s148.5_b2_RAW,/srv/projects2/captarlibras_finep/dataset_captarlibras/raw-data/frontal-cam/10-08-2024_11-07-53_p0043_s148.5_b2_RAW--ZED-RGB_FRONT.avi
2024-08-10 11:08:09,148.6,43,10-08-2024_11-08-09_p0043_s148.6_b2_RAW,/srv/projects2/captarlibras_finep/dataset_captarlibras/raw-data/frontal-cam/10-08-2024_11-08-09_p0043_s148.6_b2_RAW--ZED-RGB_FRONT.avi
2024-08-10 11:08:23,148.7,43,10-08-2024_11-08-23_p0043_s148.7_b2_RAW,/srv/projects2/captarlibras_finep/dataset_captarlibras/raw-data/frontal-cam/10-08-2024_11-08-23_p0043_s148.7_b2_RAW--ZED-RGB_FRONT.avi
2024-08-10 11:08:53,148.8,43,10-08-2024_11-08-53_p0043_s148.8_b2_RAW,/srv/projects2/captarlibras_finep/dataset_captarlibras/raw-data/frontal-cam/10-08-2024_11-08-53_p0043_s148.8_b2_RAW--ZED-RGB_FRONT.avi
2024-08-10 11:09:20,148.9,43,10-08-2024_11-09-20_p0043_s148.9_b2_RAW,/srv/projects2/captarlibras_finep/dataset_captarlibras/raw-data/frontal-cam/10-08-2024_11-09-20_p0043_s148.9_b2_RAW--ZED-RGB_FRONT.avi
2024-08-10 11:09:35,148.10,43,10-08-2024_11-09-35_p0043_s148.10_b2_RAW,/srv/projects2/captarlibras_finep/dataset_captarlibras/raw-data/frontal-cam/10-08-2024_11-09-35_p0043_s148.10_b2_RAW--ZED-RGB_FRONT.avi
2024-08-10 11:09:50,148.11,43,10-08-2024_11-09-50_p0043_s148.11_b2_RAW,/srv/projects2/captarlibras_finep/dataset_captarlibras/raw-data/frontal-cam/10-08-2024_11-09-50_p0043_s148.11_b2_RAW--ZED-RGB_FRONT.avi
2024-08-10 11:10:05,148.12,43,10-08-2024_11-10-05_p0043_s148.12_b2_RAW,/srv/projects2/captarlibras_finep/dataset_captarlibras/raw-data/frontal-cam/10-08-2024_11-10-05_p0043_s148.12_b2_RAW--ZED-RGB_FRONT.avi
2024-08-10 11:10:20,148.13,43,10-08-2024_11-10-20_p0043_s148.13_b2_RAW,/srv/projects2/captarlibras_finep/dataset_captarlibras/raw-data/frontal-cam/10-08-2024_11-10-20_p0043_s148.13_b2_RAW--ZED-RGB_FRONT.avi
2024-08-10 11:10:36,148.14,43,10-08-2024_11-10-36_p0043_s148.14_b2_RAW,/srv/projects2/captarlibras_finep/dataset_captarlibras/raw-data/frontal-cam/10-08-2024_11-10-36_p0043_s148.14_b2_RAW--ZED-RGB_FRONT.avi
2024-08-10 11:10:52,148.15,43,10-08-2024_11-10-52_p0043_s148.15_b2_RAW,/srv/projects2/captarlibras_finep/dataset_captarlibras/raw-data/frontal-cam/10-08-2024_11-10-52_p0043_s148.15_b2_RAW--ZED-RGB_FRONT.avi
2024-08-10 11:11:07,148.16,43,10-08-2024_11-11-07_p0043_s148.16_b2_RAW,/srv/projects2/captarlibras_finep/dataset_captarlibras/raw-data/frontal-cam/10-08-2024_11-11-07_p0043_s148.16_b2_RAW--ZED-RGB_FRONT.avi
2024-08-10 11:11:23,148.17,43,10-08-2024_11-11-23_p0043_s148.17_b2_RAW,/srv/projects2/captarlibras_finep/dataset_captarlibras/raw-data/frontal-cam/10-08-2024_11-11-23_p0043_s148.17_b2_RAW--ZED-RGB_FRONT.avi
2024-08-10 11:11:59,148.18,43,10-08-2024_11-11-59_p0043_s148.18_b2_RAW,/srv/projects2/captarlibras_finep/dataset_captarlibras/raw-data/frontal-cam/10-08-2024_11-11-59_p0043_s148.18_b2_RAW--ZED-RGB_FRONT.avi
2024-08-10 11:12:14,148.19,43,10-08-2024_11-12-14_p0043_s148.19_b2_RAW,/srv/projects2/captarlibras_finep/dataset_captarlibras/raw-data/frontal-cam/10-08-2024_11-12-14_p0043_s148.19_b2_RAW--ZED-RGB_FRONT.avi
2024-08-10 11:12:32,148.20,43,10-08-2024_11-12-32_p0043_s148.20_b2_RAW,/srv/projects2/captarlibras_finep/dataset_captarlibras/raw-data/frontal-cam/10-08-2024_11-12-32_p0043_s148.20_b2_RAW--ZED-RGB_FRONT.avi
2024-08-10 11:12:48,148.21,43,10-08-2024_11-12-48_p0043_s148.21_b2_RAW,/srv/projects2/captarlibras_finep/dataset_captarlibras/raw-data/frontal-cam/10-08-2024_11-12-48_p0043_s148.21_b2_RAW--ZED-RGB_FRONT.avi
2024-08-10 11:13:05,148.22,43,10-08-2024_11-13-05_p0043_s148.22_b2_RAW,/srv/projects2/captarlibras_finep/dataset_captarlibras/raw-data/frontal-cam/10-08-2024_11-13-05_p0043_s148.22_b2_RAW--ZED-RGB_FRONT.avi
2024-08-10 11:13:20,148.23,43,10-08-2024_11-13-20_p0043_s148.23_b2_RAW,/srv/projects2/captarlibras_finep/dataset_captarlibras/raw-data/frontal-cam/10-08-2024_11-13-20_p0043_s148.23_b2_RAW--ZED-RGB_FRONT.avi
2024-08-10 11:13:37,148.24,43,10-08-2024_11-13-37_p0043_s148.24_b2_RAW,/srv/projects2/captarlibras_finep/dataset_captarlibras/raw-data/frontal-cam/10-08-2024_11-13-37_p0043_s148.24_b2_RAW--ZED-RGB_FRONT.avi
2024-08-10 11:13:53,148.25,43,10-08-2024_11-13-53_p0043_s148.25_b2_RAW,/srv/projects2/captarlibras_finep/dataset_captarlibras/raw-data/frontal-cam/10-08-2024_11-13-53_p0043_s148.25_b2_RAW--ZED-RGB_FRONT.avi
2024-08-10 11:14:10,148.26,43,10-08-2024_11-14-10_p0043_s148.26_b2_RAW,/srv/projects2/captarlibras_finep/dataset_captarlibras/raw-data/frontal-cam/10-08-2024_11-14-10_p0043_s148.26_b2_RAW--ZED-RGB_FRONT.avi
2024-08-10 11:14:30,149,43,10-08-2024_11-14-30_p0043_s149_b2_RAW,/srv/projects2/captarlibras_finep/dataset_captarlibras/raw-data/frontal-cam/10-08-2024_11-14-30_p0043_s149_b2_RAW--ZED-RGB_FRONT.avi
2024-08-10 11:14:46,150,43,10-08-2024_11-14-46_p0043_s150_b2_RAW,/srv/projects2/captarlibras_finep/dataset_captarlibras/raw-data/frontal-cam/10-08-2024_11-14-46_p0043_s150_b2_RAW--ZED-RGB_FRONT.avi
2024-08-10 11:15:24,152,43,10-08-2024_11-15-24_p0043_s152_b2_RAW,/srv/projects2/captarlibras_finep/dataset_captarlibras/raw-data/frontal-cam/10-08-2024_11-15-24_p0043_s152_b2_RAW--ZED-RGB_FRONT.avi
2024-08-10 11:15:40,153,43,10-08-2024_11-15-40_p0043_s153_b2_RAW,/srv/projects2/captarlibras_finep/dataset_captarlibras/raw-data/frontal-cam/10-08-2024_11-15-40_p0043_s153_b2_RAW--ZED-RGB_FRONT.avi
2024-08-10 11:15:58,154,43,10-08-2024_11-15-58_p0043_s154_b2_RAW,/srv/projects2/captarlibras_finep/dataset_captarlibras/raw-data/frontal-cam/10-08-2024_11-15-58_p0043_s154_b2_RAW--ZED-RGB_FRONT.avi
2024-08-10 11:16:20,155,43,10-08-2024_11-16-20_p0043_s155_b2_RAW,/srv/projects2/captarlibras_finep/dataset_captarlibras/raw-data/frontal-cam/10-08-2024_11-16-20_p0043_s155_b2_RAW--ZED-RGB_FRONT.avi
2024-08-10 11:16:39,156,43,10-08-2024_11-16-39_p0043_s156_b2_RAW,/srv/projects2/captarlibras_finep/dataset_captarlibras/raw-data/frontal-cam/10-08-2024_11-16-39_p0043_s156_b2_RAW--ZED-RGB_FRONT.avi
2024-08-10 11:16:58,157,43,10-08-2024_11-16-58_p0043_s157_b2_RAW,/srv/projects2/captarlibras_finep/dataset_captarlibras/raw-data/frontal-cam/10-08-2024_11-16-58_p0043_s157_b2_RAW--ZED-RGB_FRONT.avi
2024-08-17 10:03:32,P01,43,17-08-2024_10-03-32_p0043_sP01_b1_RAW,/srv/projects2/captarlibras_finep/dataset_captarlibras/raw-data/frontal-cam/17-08-2024_10-03-32_p0043_sP01_b1_RAW--ZED-RGB_FRONT.avi
2024-08-17 10:04:08,1,43,17-08-2024_10-04-08_p0043_s1_b1_RAW,/srv/projects2/captarlibras_finep/dataset_captarlibras/raw-data/frontal-cam/17-08-2024_10-04-08_p0043_s1_b1_RAW--ZED-RGB_FRONT.avi
2024-08-17 10:04:32,2,43,17-08-2024_10-04-32_p0043_s2_b1_RAW,/srv/projects2/captarlibras_finep/dataset_captarlibras/raw-data/frontal-cam/17-08-2024_10-04-32_p0043_s2_b1_RAW--ZED-RGB_FRONT.avi
2024-08-17 10:04:54,3,43,17-08-2024_10-04-54_p0043_s3_b1_RAW,/srv/projects2/captarlibras_finep/dataset_captarlibras/raw-data/frontal-cam/17-08-2024_10-04-54_p0043_s3_b1_RAW--ZED-RGB_FRONT.avi
2024-08-17 10:05:16,4,43,17-08-2024_10-05-16_p0043_s4_b1_RAW,/srv/projects2/captarlibras_finep/dataset_captarlibras/raw-data/frontal-cam/17-08-2024_10-05-16_p0043_s4_b1_RAW--ZED-RGB_FRONT.avi
2024-08-17 10:05:37,5,43,17-08-2024_10-05-37_p0043_s5_b1_RAW,/srv/projects2/captarlibras_finep/dataset_captarlibras/raw-data/frontal-cam/17-08-2024_10-05-37_p0043_s5_b1_RAW--ZED-RGB_FRONT.avi
2024-08-17 10:05:59,6,43,17-08-2024_10-05-59_p0043_s6_b1_RAW,/srv/projects2/captarlibras_finep/dataset_captarlibras/raw-data/frontal-cam/17-08-2024_10-05-59_p0043_s6_b1_RAW--ZED-RGB_FRONT.avi
2024-08-17 10:06:21,7,43,17-08-2024_10-06-21_p0043_s7_b1_RAW,/srv/projects2/captarlibras_finep/dataset_captarlibras/raw-data/frontal-cam/17-08-2024_10-06-21_p0043_s7_b1_RAW--ZED-RGB_FRONT.avi
2024-08-17 10:06:46,8,43,17-08-2024_10-06-46_p0043_s8_b1_RAW,/srv/projects2/captarlibras_finep/dataset_captarlibras/raw-data/frontal-cam/17-08-2024_10-06-46_p0043_s8_b1_RAW--ZED-RGB_FRONT.avi
2024-08-17 10:07:07,9,43,17-08-2024_10-07-07_p0043_s9_b1_RAW,/srv/projects2/captarlibras_finep/dataset_captarlibras/raw-data/frontal-cam/17-08-2024_10-07-07_p0043_s9_b1_RAW--ZED-RGB_FRONT.avi
2024-08-17 10:07:27,10,43,17-08-2024_10-07-27_p0043_s10_b1_RAW,/srv/projects2/captarlibras_finep/dataset_captarlibras/raw-data/frontal-cam/17-08-2024_10-07-27_p0043_s10_b1_RAW--ZED-RGB_FRONT.avi
2024-08-17 10:07:49,11,43,17-08-2024_10-07-49_p0043_s11_b1_RAW,/srv/projects2/captarlibras_finep/dataset_captarlibras/raw-data/frontal-cam/17-08-2024_10-07-49_p0043_s11_b1_RAW--ZED-RGB_FRONT.avi
2024-08-17 10:08:11,12,43,17-08-2024_10-08-11_p0043_s12_b1_RAW,/srv/projects2/captarlibras_finep/dataset_captarlibras/raw-data/frontal-cam/17-08-2024_10-08-11_p0043_s12_b1_RAW--ZED-RGB_FRONT.avi
2024-08-17 10:09:02,13,43,17-08-2024_10-09-02_p0043_s13_b1_RAW,/srv/projects2/captarlibras_finep/dataset_captarlibras/raw-data/frontal-cam/17-08-2024_10-09-02_p0043_s13_b1_RAW--ZED-RGB_FRONT.avi
2024-08-17 10:09:30,14,43,17-08-2024_10-09-30_p0043_s14_b1_RAW,/srv/projects2/captarlibras_finep/dataset_captarlibras/raw-data/frontal-cam/17-08-2024_10-09-30_p0043_s14_b1_RAW--ZED-RGB_FRONT.avi
2024-08-17 10:09:58,15,43,17-08-2024_10-09-58_p0043_s15_b1_RAW,/srv/projects2/captarlibras_finep/dataset_captarlibras/raw-data/frontal-cam/17-08-2024_10-09-58_p0043_s15_b1_RAW--ZED-RGB_FRONT.avi
2024-08-17 10:10:20,16,43,17-08-2024_10-10-20_p0043_s16_b1_RAW,/srv/projects2/captarlibras_finep/dataset_captarlibras/raw-data/frontal-cam/17-08-2024_10-10-20_p0043_s16_b1_RAW--ZED-RGB_FRONT.avi
2024-08-17 10:10:43,17,43,17-08-2024_10-10-43_p0043_s17_b1_RAW,/srv/projects2/captarlibras_finep/dataset_captarlibras/raw-data/frontal-cam/17-08-2024_10-10-43_p0043_s17_b1_RAW--ZED-RGB_FRONT.avi
2024-08-17 10:11:09,18,43,17-08-2024_10-11-09_p0043_s18_b1_RAW,/srv/projects2/captarlibras_finep/dataset_captarlibras/raw-data/frontal-cam/17-08-2024_10-11-09_p0043_s18_b1_RAW--ZED-RGB_FRONT.avi
2024-08-17 10:11:33,19,43,17-08-2024_10-11-33_p0043_s19_b1_RAW,/srv/projects2/captarlibras_finep/dataset_captarlibras/raw-data/frontal-cam/17-08-2024_10-11-33_p0043_s19_b1_RAW--ZED-RGB_FRONT.avi
2024-08-17 10:11:54,20,43,17-08-2024_10-11-54_p0043_s20_b1_RAW,/srv/projects2/captarlibras_finep/dataset_captarlibras/raw-data/frontal-cam/17-08-2024_10-11-54_p0043_s20_b1_RAW--ZED-RGB_FRONT.avi
2024-08-17 10:12:16,21,43,17-08-2024_10-12-16_p0043_s21_b1_RAW,/srv/projects2/captarlibras_finep/dataset_captarlibras/raw-data/frontal-cam/17-08-2024_10-12-16_p0043_s21_b1_RAW--ZED-RGB_FRONT.avi
2024-08-17 10:12:37,22,43,17-08-2024_10-12-37_p0043_s22_b1_RAW,/srv/projects2/captarlibras_finep/dataset_captarlibras/raw-data/frontal-cam/17-08-2024_10-12-37_p0043_s22_b1_RAW--ZED-RGB_FRONT.avi
2024-08-17 10:13:01,23,43,17-08-2024_10-13-01_p0043_s23_b1_RAW,/srv/projects2/captarlibras_finep/dataset_captarlibras/raw-data/frontal-cam/17-08-2024_10-13-01_p0043_s23_b1_RAW--ZED-RGB_FRONT.avi
2024-08-17 10:13:20,24,43,17-08-2024_10-13-20_p0043_s24_b1_RAW,/srv/projects2/captarlibras_finep/dataset_captarlibras/raw-data/frontal-cam/17-08-2024_10-13-20_p0043_s24_b1_RAW--ZED-RGB_FRONT.avi
2024-08-17 10:13:40,25,43,17-08-2024_10-13-40_p0043_s25_b1_RAW,/srv/projects2/captarlibras_finep/dataset_captarlibras/raw-data/frontal-cam/17-08-2024_10-13-40_p0043_s25_b1_RAW--ZED-RGB_FRONT.avi
2024-08-17 10:13:57,26,43,17-08-2024_10-13-57_p0043_s26_b1_RAW,/srv/projects2/captarlibras_finep/dataset_captarlibras/raw-data/frontal-cam/17-08-2024_10-13-57_p0043_s26_b1_RAW--ZED-RGB_FRONT.avi
2024-08-17 10:14:28,27,43,17-08-2024_10-14-28_p0043_s27_b1_RAW,/srv/projects2/captarlibras_finep/dataset_captarlibras/raw-data/frontal-cam/17-08-2024_10-14-28_p0043_s27_b1_RAW--ZED-RGB_FRONT.avi
2024-08-17 10:16:12,28,43,17-08-2024_10-16-12_p0043_s28_b1_RAW,/srv/projects2/captarlibras_finep/dataset_captarlibras/raw-data/frontal-cam/17-08-2024_10-16-12_p0043_s28_b1_RAW--ZED-RGB_FRONT.avi
2024-08-17 10:17:46,29,43,17-08-2024_10-17-46_p0043_s29_b1_RAW,/srv/projects2/captarlibras_finep/dataset_captarlibras/raw-data/frontal-cam/17-08-2024_10-17-46_p0043_s29_b1_RAW--ZED-RGB_FRONT.avi
2024-08-17 10:18:32,31,43,17-08-2024_10-18-32_p0043_s31_b1_RAW,/srv/projects2/captarlibras_finep/dataset_captarlibras/raw-data/frontal-cam/17-08-2024_10-18-32_p0043_s31_b1_RAW--ZED-RGB_FRONT.avi
2024-08-17 10:19:14,32,43,17-08-2024_10-19-14_p0043_s32_b1_RAW,/srv/projects2/captarlibras_finep/dataset_captarlibras/raw-data/frontal-cam/17-08-2024_10-19-14_p0043_s32_b1_RAW--ZED-RGB_FRONT.avi
2024-08-17 10:19:37,33,43,17-08-2024_10-19-37_p0043_s33_b1_RAW,/srv/projects2/captarlibras_finep/dataset_captarlibras/raw-data/frontal-cam/17-08-2024_10-19-37_p0043_s33_b1_RAW--ZED-RGB_FRONT.avi
2024-08-17 10:20:02,34,43,17-08-2024_10-20-02_p0043_s34_b1_RAW,/srv/projects2/captarlibras_finep/dataset_captarlibras/raw-data/frontal-cam/17-08-2024_10-20-02_p0043_s34_b1_RAW--ZED-RGB_FRONT.avi
2024-08-17 10:20:21,35,43,17-08-2024_10-20-21_p0043_s35_b1_RAW,/srv/projects2/captarlibras_finep/dataset_captarlibras/raw-data/frontal-cam/17-08-2024_10-20-21_p0043_s35_b1_RAW--ZED-RGB_FRONT.avi
2024-08-17 10:20:42,36,43,17-08-2024_10-20-42_p0043_s36_b1_RAW,/srv/projects2/captarlibras_finep/dataset_captarlibras/raw-data/frontal-cam/17-08-2024_10-20-42_p0043_s36_b1_RAW--ZED-RGB_FRONT.avi
2024-08-17 10:21:08,37,43,17-08-2024_10-21-08_p0043_s37_b1_RAW,/srv/projects2/captarlibras_finep/dataset_captarlibras/raw-data/frontal-cam/17-08-2024_10-21-08_p0043_s37_b1_RAW--ZED-RGB_FRONT.avi
2024-08-17 10:21:34,38,43,17-08-2024_10-21-34_p0043_s38_b1_RAW,/srv/projects2/captarlibras_finep/dataset_captarlibras/raw-data/frontal-cam/17-08-2024_10-21-34_p0043_s38_b1_RAW--ZED-RGB_FRONT.avi
2024-08-17 10:21:59,39,43,17-08-2024_10-21-59_p0043_s39_b1_RAW,/srv/projects2/captarlibras_finep/dataset_captarlibras/raw-data/frontal-cam/17-08-2024_10-21-59_p0043_s39_b1_RAW--ZED-RGB_FRONT.avi
2024-08-17 10:22:22,40,43,17-08-2024_10-22-22_p0043_s40_b1_RAW,/srv/projects2/captarlibras_finep/dataset_captarlibras/raw-data/frontal-cam/17-08-2024_10-22-22_p0043_s40_b1_RAW--ZED-RGB_FRONT.avi
2024-08-17 10:22:42,41,43,17-08-2024_10-22-42_p0043_s41_b1_RAW,/srv/projects2/captarlibras_finep/dataset_captarlibras/raw-data/frontal-cam/17-08-2024_10-22-42_p0043_s41_b1_RAW--ZED-RGB_FRONT.avi
2024-08-17 10:23:15,42,43,17-08-2024_10-23-15_p0043_s42_b1_RAW,/srv/projects2/captarlibras_finep/dataset_captarlibras/raw-data/frontal-cam/17-08-2024_10-23-15_p0043_s42_b1_RAW--ZED-RGB_FRONT.avi
2024-08-17 10:23:47,43,43,17-08-2024_10-23-47_p0043_s43_b1_RAW,/srv/projects2/captarlibras_finep/dataset_captarlibras/raw-data/frontal-cam/17-08-2024_10-23-47_p0043_s43_b1_RAW--ZED-RGB_FRONT.avi
2024-08-17 10:24:15,44,43,17-08-2024_10-24-15_p0043_s44_b1_RAW,/srv/projects2/captarlibras_finep/dataset_captarlibras/raw-data/frontal-cam/17-08-2024_10-24-15_p0043_s44_b1_RAW--ZED-RGB_FRONT.avi
2024-08-17 10:24:38,45,43,17-08-2024_10-24-38_p0043_s45_b1_RAW,/srv/projects2/captarlibras_finep/dataset_captarlibras/raw-data/frontal-cam/17-08-2024_10-24-38_p0043_s45_b1_RAW--ZED-RGB_FRONT.avi
2024-08-17 10:25:06,46,43,17-08-2024_10-25-06_p0043_s46_b1_RAW,/srv/projects2/captarlibras_finep/dataset_captarlibras/raw-data/frontal-cam/17-08-2024_10-25-06_p0043_s46_b1_RAW--ZED-RGB_FRONT.avi
2024-08-17 10:25:47,47,43,17-08-2024_10-25-47_p0043_s47_b1_RAW,/srv/projects2/captarlibras_finep/dataset_captarlibras/raw-data/frontal-cam/17-08-2024_10-25-47_p0043_s47_b1_RAW--ZED-RGB_FRONT.avi
2024-08-17 10:26:13,48,43,17-08-2024_10-26-13_p0043_s48_b1_RAW,/srv/projects2/captarlibras_finep/dataset_captarlibras/raw-data/frontal-cam/17-08-2024_10-26-13_p0043_s48_b1_RAW--ZED-RGB_FRONT.avi
2024-08-17 10:27:06,50,43,17-08-2024_10-27-06_p0043_s50_b1_RAW,/srv/projects2/captarlibras_finep/dataset_captarlibras/raw-data/frontal-cam/17-08-2024_10-27-06_p0043_s50_b1_RAW--ZED-RGB_FRONT.avi
2024-08-17 10:27:30,51,43,17-08-2024_10-27-30_p0043_s51_b1_RAW,/srv/projects2/captarlibras_finep/dataset_captarlibras/raw-data/frontal-cam/17-08-2024_10-27-30_p0043_s51_b1_RAW--ZED-RGB_FRONT.avi
2024-08-17 10:27:52,52,43,17-08-2024_10-27-52_p0043_s52_b1_RAW,/srv/projects2/captarlibras_finep/dataset_captarlibras/raw-data/frontal-cam/17-08-2024_10-27-52_p0043_s52_b1_RAW--ZED-RGB_FRONT.avi
2024-08-17 10:28:53,53,43,17-08-2024_10-28-53_p0043_s53_b1_RAW,/srv/projects2/captarlibras_finep/dataset_captarlibras/raw-data/frontal-cam/17-08-2024_10-28-53_p0043_s53_b1_RAW--ZED-RGB_FRONT.avi
2024-08-17 10:29:16,54,43,17-08-2024_10-29-16_p0043_s54_b1_RAW,/srv/projects2/captarlibras_finep/dataset_captarlibras/raw-data/frontal-cam/17-08-2024_10-29-16_p0043_s54_b1_RAW--ZED-RGB_FRONT.avi
2024-08-17 10:29:38,55,43,17-08-2024_10-29-38_p0043_s55_b1_RAW,/srv/projects2/captarlibras_finep/dataset_captarlibras/raw-data/frontal-cam/17-08-2024_10-29-38_p0043_s55_b1_RAW--ZED-RGB_FRONT.avi
2024-08-17 10:30:08,56,43,17-08-2024_10-30-08_p0043_s56_b1_RAW,/srv/projects2/captarlibras_finep/dataset_captarlibras/raw-data/frontal-cam/17-08-2024_10-30-08_p0043_s56_b1_RAW--ZED-RGB_FRONT.avi
2024-08-17 10:30:27,57,43,17-08-2024_10-30-27_p0043_s57_b1_RAW,/srv/projects2/captarlibras_finep/dataset_captarlibras/raw-data/frontal-cam/17-08-2024_10-30-27_p0043_s57_b1_RAW--ZED-RGB_FRONT.avi
2024-08-17 10:30:51,58,43,17-08-2024_10-30-51_p0043_s58_b1_RAW,/srv/projects2/captarlibras_finep/dataset_captarlibras/raw-data/frontal-cam/17-08-2024_10-30-51_p0043_s58_b1_RAW--ZED-RGB_FRONT.avi
2024-08-17 10:31:10,59,43,17-08-2024_10-31-10_p0043_s59_b1_RAW,/srv/projects2/captarlibras_finep/dataset_captarlibras/raw-data/frontal-cam/17-08-2024_10-31-10_p0043_s59_b1_RAW--ZED-RGB_FRONT.avi
2024-08-17 10:31:31,60,43,17-08-2024_10-31-31_p0043_s60_b1_RAW,/srv/projects2/captarlibras_finep/dataset_captarlibras/raw-data/frontal-cam/17-08-2024_10-31-31_p0043_s60_b1_RAW--ZED-RGB_FRONT.avi
2024-08-17 10:31:55,61,43,17-08-2024_10-31-55_p0043_s61_b1_RAW,/srv/projects2/captarlibras_finep/dataset_captarlibras/raw-data/frontal-cam/17-08-2024_10-31-55_p0043_s61_b1_RAW--ZED-RGB_FRONT.avi
2024-08-17 10:32:41,62,43,17-08-2024_10-32-41_p0043_s62_b1_RAW,/srv/projects2/captarlibras_finep/dataset_captarlibras/raw-data/frontal-cam/17-08-2024_10-32-41_p0043_s62_b1_RAW--ZED-RGB_FRONT.avi
2024-08-17 10:33:15,63,43,17-08-2024_10-33-15_p0043_s63_b1_RAW,/srv/projects2/captarlibras_finep/dataset_captarlibras/raw-data/frontal-cam/17-08-2024_10-33-15_p0043_s63_b1_RAW--ZED-RGB_FRONT.avi
2024-08-17 10:33:37,64,43,17-08-2024_10-33-37_p0043_s64_b1_RAW,/srv/projects2/captarlibras_finep/dataset_captarlibras/raw-data/frontal-cam/17-08-2024_10-33-37_p0043_s64_b1_RAW--ZED-RGB_FRONT.avi
2024-08-17 10:34:36,65,43,17-08-2024_10-34-36_p0043_s65_b1_RAW,/srv/projects2/captarlibras_finep/dataset_captarlibras/raw-data/frontal-cam/17-08-2024_10-34-36_p0043_s65_b1_RAW--ZED-RGB_FRONT.avi
2024-08-17 10:35:05,66,43,17-08-2024_10-35-05_p0043_s66_b1_RAW,/srv/projects2/captarlibras_finep/dataset_captarlibras/raw-data/frontal-cam/17-08-2024_10-35-05_p0043_s66_b1_RAW--ZED-RGB_FRONT.avi
2024-08-17 10:35:32,67,43,17-08-2024_10-35-32_p0043_s67_b1_RAW,/srv/projects2/captarlibras_finep/dataset_captarlibras/raw-data/frontal-cam/17-08-2024_10-35-32_p0043_s67_b1_RAW--ZED-RGB_FRONT.avi
2024-08-17 10:36:28,68,43,17-08-2024_10-36-28_p0043_s68_b1_RAW,/srv/projects2/captarlibras_finep/dataset_captarlibras/raw-data/frontal-cam/17-08-2024_10-36-28_p0043_s68_b1_RAW--ZED-RGB_FRONT.avi
2024-08-17 10:36:50,69,43,17-08-2024_10-36-50_p0043_s69_b1_RAW,/srv/projects2/captarlibras_finep/dataset_captarlibras/raw-data/frontal-cam/17-08-2024_10-36-50_p0043_s69_b1_RAW--ZED-RGB_FRONT.avi
2024-08-17 10:37:13,70,43,17-08-2024_10-37-13_p0043_s70_b1_RAW,/srv/projects2/captarlibras_finep/dataset_captarlibras/raw-data/frontal-cam/17-08-2024_10-37-13_p0043_s70_b1_RAW--ZED-RGB_FRONT.avi
2024-08-17 10:37:37,71,43,17-08-2024_10-37-37_p0043_s71_b1_RAW,/srv/projects2/captarlibras_finep/dataset_captarlibras/raw-data/frontal-cam/17-08-2024_10-37-37_p0043_s71_b1_RAW--ZED-RGB_FRONT.avi
2024-08-17 10:37:56,72,43,17-08-2024_10-37-56_p0043_s72_b1_RAW,/srv/projects2/captarlibras_finep/dataset_captarlibras/raw-data/frontal-cam/17-08-2024_10-37-56_p0043_s72_b1_RAW--ZED-RGB_FRONT.avi
2024-08-17 10:38:19,P03,43,17-08-2024_10-38-19_p0043_sP03_b1_RAW,/srv/projects2/captarlibras_finep/dataset_captarlibras/raw-data/frontal-cam/17-08-2024_10-38-19_p0043_sP03_b1_RAW--ZED-RGB_FRONT.avi
2024-08-17 10:38:49,73,43,17-08-2024_10-38-49_p0043_s73_b1_RAW,/srv/projects2/captarlibras_finep/dataset_captarlibras/raw-data/frontal-cam/17-08-2024_10-38-49_p0043_s73_b1_RAW--ZED-RGB_FRONT.avi
2024-08-17 10:39:09,74,43,17-08-2024_10-39-09_p0043_s74_b1_RAW,/srv/projects2/captarlibras_finep/dataset_captarlibras/raw-data/frontal-cam/17-08-2024_10-39-09_p0043_s74_b1_RAW--ZED-RGB_FRONT.avi
2024-08-17 10:39:28,75,43,17-08-2024_10-39-28_p0043_s75_b1_RAW,/srv/projects2/captarlibras_finep/dataset_captarlibras/raw-data/frontal-cam/17-08-2024_10-39-28_p0043_s75_b1_RAW--ZED-RGB_FRONT.avi
2024-08-17 10:39:47,76,43,17-08-2024_10-39-47_p0043_s76_b1_RAW,/srv/projects2/captarlibras_finep/dataset_captarlibras/raw-data/frontal-cam/17-08-2024_10-39-47_p0043_s76_b1_RAW--ZED-RGB_FRONT.avi
2024-08-17 10:40:08,77,43,17-08-2024_10-40-08_p0043_s77_b1_RAW,/srv/projects2/captarlibras_finep/dataset_captarlibras/raw-data/frontal-cam/17-08-2024_10-40-08_p0043_s77_b1_RAW--ZED-RGB_FRONT.avi
2024-08-17 10:40:27,78,43,17-08-2024_10-40-27_p0043_s78_b1_RAW,/srv/projects2/captarlibras_finep/dataset_captarlibras/raw-data/frontal-cam/17-08-2024_10-40-27_p0043_s78_b1_RAW--ZED-RGB_FRONT.avi
2024-08-17 10:40:51,79,43,17-08-2024_10-40-51_p0043_s79_b1_RAW,/srv/projects2/captarlibras_finep/dataset_captarlibras/raw-data/frontal-cam/17-08-2024_10-40-51_p0043_s79_b1_RAW--ZED-RGB_FRONT.avi
2024-08-17 10:41:15,80,43,17-08-2024_10-41-15_p0043_s80_b1_RAW,/srv/projects2/captarlibras_finep/dataset_captarlibras/raw-data/frontal-cam/17-08-2024_10-41-15_p0043_s80_b1_RAW--ZED-RGB_FRONT.avi
2024-08-17 10:41:40,81,43,17-08-2024_10-41-40_p0043_s81_b1_RAW,/srv/projects2/captarlibras_finep/dataset_captarlibras/raw-data/frontal-cam/17-08-2024_10-41-40_p0043_s81_b1_RAW--ZED-RGB_FRONT.avi
2024-08-17 10:42:37,P18.1,43,17-08-2024_10-42-37_p0043_sP18.1_b4_RAW,/srv/projects2/captarlibras_finep/dataset_captarlibras/raw-data/frontal-cam/17-08-2024_10-42-37_p0043_sP18.1_b4_RAW--ZED-RGB_FRONT.avi
2024-08-17 10:43:12,209,43,17-08-2024_10-43-12_p0043_s209_b4_RAW,/srv/projects2/captarlibras_finep/dataset_captarlibras/raw-data/frontal-cam/17-08-2024_10-43-12_p0043_s209_b4_RAW--ZED-RGB_FRONT.avi
2024-08-17 10:44:35,P18.3,43,17-08-2024_10-44-35_p0043_sP18.3_b4_RAW,/srv/projects2/captarlibras_finep/dataset_captarlibras/raw-data/frontal-cam/17-08-2024_10-44-35_p0043_sP18.3_b4_RAW--ZED-RGB_FRONT.avi
2024-08-17 10:45:02,210,43,17-08-2024_10-45-02_p0043_s210_b4_RAW,/srv/projects2/captarlibras_finep/dataset_captarlibras/raw-data/frontal-cam/17-08-2024_10-45-02_p0043_s210_b4_RAW--ZED-RGB_FRONT.avi
2024-08-17 10:45:22,211,43,17-08-2024_10-45-22_p0043_s211_b4_RAW,/srv/projects2/captarlibras_finep/dataset_captarlibras/raw-data/frontal-cam/17-08-2024_10-45-22_p0043_s211_b4_RAW--ZED-RGB_FRONT.avi
2024-08-17 10:45:49,212,43,17-08-2024_10-45-49_p0043_s212_b4_RAW,/srv/projects2/captarlibras_finep/dataset_captarlibras/raw-data/frontal-cam/17-08-2024_10-45-49_p0043_s212_b4_RAW--ZED-RGB_FRONT.avi
2024-08-17 10:46:09,213,43,17-08-2024_10-46-09_p0043_s213_b4_RAW,/srv/projects2/captarlibras_finep/dataset_captarlibras/raw-data/frontal-cam/17-08-2024_10-46-09_p0043_s213_b4_RAW--ZED-RGB_FRONT.avi
2024-08-17 10:46:30,214,43,17-08-2024_10-46-30_p0043_s214_b4_RAW,/srv/projects2/captarlibras_finep/dataset_captarlibras/raw-data/frontal-cam/17-08-2024_10-46-30_p0043_s214_b4_RAW--ZED-RGB_FRONT.avi
2024-08-17 10:46:48,215,43,17-08-2024_10-46-48_p0043_s215_b4_RAW,/srv/projects2/captarlibras_finep/dataset_captarlibras/raw-data/frontal-cam/17-08-2024_10-46-48_p0043_s215_b4_RAW--ZED-RGB_FRONT.avi
2024-08-17 10:47:11,216,43,17-08-2024_10-47-11_p0043_s216_b4_RAW,/srv/projects2/captarlibras_finep/dataset_captarlibras/raw-data/frontal-cam/17-08-2024_10-47-11_p0043_s216_b4_RAW--ZED-RGB_FRONT.avi
2024-08-17 10:47:28,217,43,17-08-2024_10-47-28_p0043_s217_b4_RAW,/srv/projects2/captarlibras_finep/dataset_captarlibras/raw-data/frontal-cam/17-08-2024_10-47-28_p0043_s217_b4_RAW--ZED-RGB_FRONT.avi
2024-08-17 10:47:48,218,43,17-08-2024_10-47-48_p0043_s218_b4_RAW,/srv/projects2/captarlibras_finep/dataset_captarlibras/raw-data/frontal-cam/17-08-2024_10-47-48_p0043_s218_b4_RAW--ZED-RGB_FRONT.avi
2024-08-17 10:48:46,219,43,17-08-2024_10-48-46_p0043_s219_b4_RAW,/srv/projects2/captarlibras_finep/dataset_captarlibras/raw-data/frontal-cam/17-08-2024_10-48-46_p0043_s219_b4_RAW--ZED-RGB_FRONT.avi
2024-08-17 10:49:21,220,43,17-08-2024_10-49-21_p0043_s220_b4_RAW,/srv/projects2/captarlibras_finep/dataset_captarlibras/raw-data/frontal-cam/17-08-2024_10-49-21_p0043_s220_b4_RAW--ZED-RGB_FRONT.avi
2024-08-17 10:50:10,221,43,17-08-2024_10-50-10_p0043_s221_b4_RAW,/srv/projects2/captarlibras_finep/dataset_captarlibras/raw-data/frontal-cam/17-08-2024_10-50-10_p0043_s221_b4_RAW--ZED-RGB_FRONT.avi
2024-08-17 10:51:47,P18.5,43,17-08-2024_10-51-47_p0043_sP18.5_b4_RAW,/srv/projects2/captarlibras_finep/dataset_captarlibras/raw-data/frontal-cam/17-08-2024_10-51-47_p0043_sP18.5_b4_RAW--ZED-RGB_FRONT.avi
2024-08-17 10:52:13,222,43,17-08-2024_10-52-13_p0043_s222_b4_RAW,/srv/projects2/captarlibras_finep/dataset_captarlibras/raw-data/frontal-cam/17-08-2024_10-52-13_p0043_s222_b4_RAW--ZED-RGB_FRONT.avi
2024-08-17 10:52:36,P19.1,43,17-08-2024_10-52-36_p0043_sP19.1_b4_RAW,/srv/projects2/captarlibras_finep/dataset_captarlibras/raw-data/frontal-cam/17-08-2024_10-52-36_p0043_sP19.1_b4_RAW--ZED-RGB_FRONT.avi
2024-08-17 10:53:27,223,43,17-08-2024_10-53-27_p0043_s223_b4_RAW,/srv/projects2/captarlibras_finep/dataset_captarlibras/raw-data/frontal-cam/17-08-2024_10-53-27_p0043_s223_b4_RAW--ZED-RGB_FRONT.avi
2024-08-17 10:54:02,224,43,17-08-2024_10-54-02_p0043_s224_b4_RAW,/srv/projects2/captarlibras_finep/dataset_captarlibras/raw-data/frontal-cam/17-08-2024_10-54-02_p0043_s224_b4_RAW--ZED-RGB_FRONT.avi
2024-08-17 10:54:38,225,43,17-08-2024_10-54-38_p0043_s225_b4_RAW,/srv/projects2/captarlibras_finep/dataset_captarlibras/raw-data/frontal-cam/17-08-2024_10-54-38_p0043_s225_b4_RAW--ZED-RGB_FRONT.avi
2024-08-17 10:55:03,226,43,17-08-2024_10-55-03_p0043_s226_b4_RAW,/srv/projects2/captarlibras_finep/dataset_captarlibras/raw-data/frontal-cam/17-08-2024_10-55-03_p0043_s226_b4_RAW--ZED-RGB_FRONT.avi
2024-08-17 10:55:27,227,43,17-08-2024_10-55-27_p0043_s227_b4_RAW,/srv/projects2/captarlibras_finep/dataset_captarlibras/raw-data/frontal-cam/17-08-2024_10-55-27_p0043_s227_b4_RAW--ZED-RGB_FRONT.avi
2024-08-17 10:55:45,228,43,17-08-2024_10-55-45_p0043_s228_b4_RAW,/srv/projects2/captarlibras_finep/dataset_captarlibras/raw-data/frontal-cam/17-08-2024_10-55-45_p0043_s228_b4_RAW--ZED-RGB_FRONT.avi
2024-08-17 10:56:04,229,43,17-08-2024_10-56-04_p0043_s229_b4_RAW,/srv/projects2/captarlibras_finep/dataset_captarlibras/raw-data/frontal-cam/17-08-2024_10-56-04_p0043_s229_b4_RAW--ZED-RGB_FRONT.avi
2024-08-17 10:56:21,230,43,17-08-2024_10-56-21_p0043_s230_b4_RAW,/srv/projects2/captarlibras_finep/dataset_captarlibras/raw-data/frontal-cam/17-08-2024_10-56-21_p0043_s230_b4_RAW--ZED-RGB_FRONT.avi
2024-08-17 10:56:39,231,43,17-08-2024_10-56-39_p0043_s231_b4_RAW,/srv/projects2/captarlibras_finep/dataset_captarlibras/raw-data/frontal-cam/17-08-2024_10-56-39_p0043_s231_b4_RAW--ZED-RGB_FRONT.avi
2024-08-17 10:57:08,232,43,17-08-2024_10-57-08_p0043_s232_b4_RAW,/srv/projects2/captarlibras_finep/dataset_captarlibras/raw-data/frontal-cam/17-08-2024_10-57-08_p0043_s232_b4_RAW--ZED-RGB_FRONT.avi
2024-08-17 10:57:31,233,43,17-08-2024_10-57-31_p0043_s233_b4_RAW,/srv/projects2/captarlibras_finep/dataset_captarlibras/raw-data/frontal-cam/17-08-2024_10-57-31_p0043_s233_b4_RAW--ZED-RGB_FRONT.avi
2024-08-17 10:57:48,234,43,17-08-2024_10-57-48_p0043_s234_b4_RAW,/srv/projects2/captarlibras_finep/dataset_captarlibras/raw-data/frontal-cam/17-08-2024_10-57-48_p0043_s234_b4_RAW--ZED-RGB_FRONT.avi
2024-08-17 10:58:41,235,43,17-08-2024_10-58-41_p0043_s235_b4_RAW,/srv/projects2/captarlibras_finep/dataset_captarlibras/raw-data/frontal-cam/17-08-2024_10-58-41_p0043_s235_b4_RAW--ZED-RGB_FRONT.avi
2024-08-17 10:59:18,236,43,17-08-2024_10-59-18_p0043_s236_b4_RAW,/srv/projects2/captarlibras_finep/dataset_captarlibras/raw-data/frontal-cam/17-08-2024_10-59-18_p0043_s236_b4_RAW--ZED-RGB_FRONT.avi
2024-08-17 10:59:39,237,43,17-08-2024_10-59-39_p0043_s237_b4_RAW,/srv/projects2/captarlibras_finep/dataset_captarlibras/raw-data/frontal-cam/17-08-2024_10-59-39_p0043_s237_b4_RAW--ZED-RGB_FRONT.avi
2024-08-17 11:00:39,238,43,17-08-2024_11-00-39_p0043_s238_b4_RAW,/srv/projects2/captarlibras_finep/dataset_captarlibras/raw-data/frontal-cam/17-08-2024_11-00-39_p0043_s238_b4_RAW--ZED-RGB_FRONT.avi
2024-08-17 11:01:18,239,43,17-08-2024_11-01-18_p0043_s239_b4_RAW,/srv/projects2/captarlibras_finep/dataset_captarlibras/raw-data/frontal-cam/17-08-2024_11-01-18_p0043_s239_b4_RAW--ZED-RGB_FRONT.avi
2024-08-17 11:01:39,240,43,17-08-2024_11-01-39_p0043_s240_b4_RAW,/srv/projects2/captarlibras_finep/dataset_captarlibras/raw-data/frontal-cam/17-08-2024_11-01-39_p0043_s240_b4_RAW--ZED-RGB_FRONT.avi
2024-08-17 11:02:02,P22.1,43,17-08-2024_11-02-02_p0043_sP22.1_b4_RAW,/srv/projects2/captarlibras_finep/dataset_captarlibras/raw-data/frontal-cam/17-08-2024_11-02-02_p0043_sP22.1_b4_RAW--ZED-RGB_FRONT.avi
2024-08-17 11:02:25,245,43,17-08-2024_11-02-25_p0043_s245_b4_RAW,/srv/projects2/captarlibras_finep/dataset_captarlibras/raw-data/frontal-cam/17-08-2024_11-02-25_p0043_s245_b4_RAW--ZED-RGB_FRONT.avi
2024-08-17 11:02:53,246,43,17-08-2024_11-02-53_p0043_s246_b4_RAW,/srv/projects2/captarlibras_finep/dataset_captarlibras/raw-data/frontal-cam/17-08-2024_11-02-53_p0043_s246_b4_RAW--ZED-RGB_FRONT.avi
2024-08-17 11:03:23,247,43,17-08-2024_11-03-23_p0043_s247_b4_RAW,/srv/projects2/captarlibras_finep/dataset_captarlibras/raw-data/frontal-cam/17-08-2024_11-03-23_p0043_s247_b4_RAW--ZED-RGB_FRONT.avi
2024-08-17 11:03:49,248,43,17-08-2024_11-03-49_p0043_s248_b4_RAW,/srv/projects2/captarlibras_finep/dataset_captarlibras/raw-data/frontal-cam/17-08-2024_11-03-49_p0043_s248_b4_RAW--ZED-RGB_FRONT.avi
2024-08-17 11:04:21,249,43,17-08-2024_11-04-21_p0043_s249_b4_RAW,/srv/projects2/captarlibras_finep/dataset_captarlibras/raw-data/frontal-cam/17-08-2024_11-04-21_p0043_s249_b4_RAW--ZED-RGB_FRONT.avi
2024-08-17 11:04:42,250,43,17-08-2024_11-04-42_p0043_s250_b4_RAW,/srv/projects2/captarlibras_finep/dataset_captarlibras/raw-data/frontal-cam/17-08-2024_11-04-42_p0043_s250_b4_RAW--ZED-RGB_FRONT.avi
2024-08-17 11:05:03,251,43,17-08-2024_11-05-03_p0043_s251_b4_RAW,/srv/projects2/captarlibras_finep/dataset_captarlibras/raw-data/frontal-cam/17-08-2024_11-05-03_p0043_s251_b4_RAW--ZED-RGB_FRONT.avi
2024-08-17 11:05:24,252,43,17-08-2024_11-05-24_p0043_s252_b4_RAW,/srv/projects2/captarlibras_finep/dataset_captarlibras/raw-data/frontal-cam/17-08-2024_11-05-24_p0043_s252_b4_RAW--ZED-RGB_FRONT.avi
2024-08-17 11:05:58,253,43,17-08-2024_11-05-58_p0043_s253_b4_RAW,/srv/projects2/captarlibras_finep/dataset_captarlibras/raw-data/frontal-cam/17-08-2024_11-05-58_p0043_s253_b4_RAW--ZED-RGB_FRONT.avi
2024-08-17 11:06:21,254,43,17-08-2024_11-06-21_p0043_s254_b4_RAW,/srv/projects2/captarlibras_finep/dataset_captarlibras/raw-data/frontal-cam/17-08-2024_11-06-21_p0043_s254_b4_RAW--ZED-RGB_FRONT.avi
2024-08-17 11:07:52,255,43,17-08-2024_11-07-52_p0043_s255_b4_RAW,/srv/projects2/captarlibras_finep/dataset_captarlibras/raw-data/frontal-cam/17-08-2024_11-07-52_p0043_s255_b4_RAW--ZED-RGB_FRONT.avi
2024-08-17 11:12:29,257,43,17-08-2024_11-12-29_p0043_s257_b4_RAW,/srv/projects2/captarlibras_finep/dataset_captarlibras/raw-data/frontal-cam/17-08-2024_11-12-29_p0043_s257_b4_RAW--ZED-RGB_FRONT.avi
2024-08-17 11:12:52,P22.3,43,17-08-2024_11-12-52_p0043_sP22.3_b4_RAW,/srv/projects2/captarlibras_finep/dataset_captarlibras/raw-data/frontal-cam/17-08-2024_11-12-52_p0043_sP22.3_b4_RAW--ZED-RGB_FRONT.avi
2024-08-17 11:13:20,P23.1,43,17-08-2024_11-13-20_p0043_sP23.1_b4_RAW,/srv/projects2/captarlibras_finep/dataset_captarlibras/raw-data/frontal-cam/17-08-2024_11-13-20_p0043_sP23.1_b4_RAW--ZED-RGB_FRONT.avi
2024-08-17 11:13:38,259,43,17-08-2024_11-13-38_p0043_s259_b4_RAW,/srv/projects2/captarlibras_finep/dataset_captarlibras/raw-data/frontal-cam/17-08-2024_11-13-38_p0043_s259_b4_RAW--ZED-RGB_FRONT.avi
2024-08-17 11:14:02,260,43,17-08-2024_11-14-02_p0043_s260_b4_RAW,/srv/projects2/captarlibras_finep/dataset_captarlibras/raw-data/frontal-cam/17-08-2024_11-14-02_p0043_s260_b4_RAW--ZED-RGB_FRONT.avi
2024-08-17 11:15:59,261,43,17-08-2024_11-15-59_p0043_s261_b4_RAW,/srv/projects2/captarlibras_finep/dataset_captarlibras/raw-data/frontal-cam/17-08-2024_11-15-59_p0043_s261_b4_RAW--ZED-RGB_FRONT.avi
2024-08-17 11:16:16,262,43,17-08-2024_11-16-16_p0043_s262_b4_RAW,/srv/projects2/captarlibras_finep/dataset_captarlibras/raw-data/frontal-cam/17-08-2024_11-16-16_p0043_s262_b4_RAW--ZED-RGB_FRONT.avi
2024-08-17 11:16:36,263,43,17-08-2024_11-16-36_p0043_s263_b4_RAW,/srv/projects2/captarlibras_finep/dataset_captarlibras/raw-data/frontal-cam/17-08-2024_11-16-36_p0043_s263_b4_RAW--ZED-RGB_FRONT.avi
2024-08-17 11:16:57,P23.3,43,17-08-2024_11-16-57_p0043_sP23.3_b4_RAW,/srv/projects2/captarlibras_finep/dataset_captarlibras/raw-data/frontal-cam/17-08-2024_11-16-57_p0043_sP23.3_b4_RAW--ZED-RGB_FRONT.avi
2024-08-17 11:17:54,P24.2,43,17-08-2024_11-17-54_p0043_sP24.2_b4_RAW,/srv/projects2/captarlibras_finep/dataset_captarlibras/raw-data/frontal-cam/17-08-2024_11-17-54_p0043_sP24.2_b4_RAW--ZED-RGB_FRONT.avi
2024-08-17 11:18:21,264,43,17-08-2024_11-18-21_p0043_s264_b4_RAW,/srv/projects2/captarlibras_finep/dataset_captarlibras/raw-data/frontal-cam/17-08-2024_11-18-21_p0043_s264_b4_RAW--ZED-RGB_FRONT.avi
2024-08-17 11:18:40,265,43,17-08-2024_11-18-40_p0043_s265_b4_RAW,/srv/projects2/captarlibras_finep/dataset_captarlibras/raw-data/frontal-cam/17-08-2024_11-18-40_p0043_s265_b4_RAW--ZED-RGB_FRONT.avi
2024-08-17 11:19:15,266,43,17-08-2024_11-19-15_p0043_s266_b4_RAW,/srv/projects2/captarlibras_finep/dataset_captarlibras/raw-data/frontal-cam/17-08-2024_11-19-15_p0043_s266_b4_RAW--ZED-RGB_FRONT.avi
2024-08-17 11:19:46,267,43,17-08-2024_11-19-46_p0043_s267_b4_RAW,/srv/projects2/captarlibras_finep/dataset_captarlibras/raw-data/frontal-cam/17-08-2024_11-19-46_p0043_s267_b4_RAW--ZED-RGB_FRONT.avi
2024-08-17 11:20:34,268,43,17-08-2024_11-20-34_p0043_s268_b4_RAW,/srv/projects2/captarlibras_finep/dataset_captarlibras/raw-data/frontal-cam/17-08-2024_11-20-34_p0043_s268_b4_RAW--ZED-RGB_FRONT.avi
2024-08-17 11:21:05,269,43,17-08-2024_11-21-05_p0043_s269_b4_RAW,/srv/projects2/captarlibras_finep/dataset_captarlibras/raw-data/frontal-cam/17-08-2024_11-21-05_p0043_s269_b4_RAW--ZED-RGB_FRONT.avi
2024-08-17 11:21:25,270,43,17-08-2024_11-21-25_p0043_s270_b4_RAW,/srv/projects2/captarlibras_finep/dataset_captarlibras/raw-data/frontal-cam/17-08-2024_11-21-25_p0043_s270_b4_RAW--ZED-RGB_FRONT.avi
2024-08-17 11:21:44,271,43,17-08-2024_11-21-44_p0043_s271_b4_RAW,/srv/projects2/captarlibras_finep/dataset_captarlibras/raw-data/frontal-cam/17-08-2024_11-21-44_p0043_s271_b4_RAW--ZED-RGB_FRONT.avi
2024-08-17 11:22:08,P24.3,43,17-08-2024_11-22-08_p0043_sP24.3_b4_RAW,/srv/projects2/captarlibras_finep/dataset_captarlibras/raw-data/frontal-cam/17-08-2024_11-22-08_p0043_sP24.3_b4_RAW--ZED-RGB_FRONT.avi
2024-08-17 11:22:35,272,43,17-08-2024_11-22-35_p0043_s272_b4_RAW,/srv/projects2/captarlibras_finep/dataset_captarlibras/raw-data/frontal-cam/17-08-2024_11-22-35_p0043_s272_b4_RAW--ZED-RGB_FRONT.avi
2024-08-17 11:23:00,273,43,17-08-2024_11-23-00_p0043_s273_b4_RAW,/srv/projects2/captarlibras_finep/dataset_captarlibras/raw-data/frontal-cam/17-08-2024_11-23-00_p0043_s273_b4_RAW--ZED-RGB_FRONT.avi
2024-08-17 11:23:24,274,43,17-08-2024_11-23-24_p0043_s274_b4_RAW,/srv/projects2/captarlibras_finep/dataset_captarlibras/raw-data/frontal-cam/17-08-2024_11-23-24_p0043_s274_b4_RAW--ZED-RGB_FRONT.avi
2024-08-17 11:23:51,275,43,17-08-2024_11-23-51_p0043_s275_b4_RAW,/srv/projects2/captarlibras_finep/dataset_captarlibras/raw-data/frontal-cam/17-08-2024_11-23-51_p0043_s275_b4_RAW--ZED-RGB_FRONT.avi
2024-08-17 11:24:13,276,43,17-08-2024_11-24-13_p0043_s276_b4_RAW,/srv/projects2/captarlibras_finep/dataset_captarlibras/raw-data/frontal-cam/17-08-2024_11-24-13_p0043_s276_b4_RAW--ZED-RGB_FRONT.avi
2024-08-17 11:24:43,277,43,17-08-2024_11-24-43_p0043_s277_b4_RAW,/srv/projects2/captarlibras_finep/dataset_captarlibras/raw-data/frontal-cam/17-08-2024_11-24-43_p0043_s277_b4_RAW--ZED-RGB_FRONT.avi
2024-08-17 11:25:09,278,43,17-08-2024_11-25-09_p0043_s278_b4_RAW,/srv/projects2/captarlibras_finep/dataset_captarlibras/raw-data/frontal-cam/17-08-2024_11-25-09_p0043_s278_b4_RAW--ZED-RGB_FRONT.avi
2024-08-17 11:25:36,279,43,17-08-2024_11-25-36_p0043_s279_b4_RAW,/srv/projects2/captarlibras_finep/dataset_captarlibras/raw-data/frontal-cam/17-08-2024_11-25-36_p0043_s279_b4_RAW--ZED-RGB_FRONT.avi
2024-08-17 11:26:34,280,43,17-08-2024_11-26-34_p0043_s280_b4_RAW,/srv/projects2/captarlibras_finep/dataset_captarlibras/raw-data/frontal-cam/17-08-2024_11-26-34_p0043_s280_b4_RAW--ZED-RGB_FRONT.avi
2024-08-17 11:27:47,280,43,17-08-2024_11-27-47_p0043_s280_b4_RAW,/srv/projects2/captarlibras_finep/dataset_captarlibras/raw-data/frontal-cam/17-08-2024_11-27-47_p0043_s280_b4_RAW--ZED-RGB_FRONT.avi
2024-08-17 11:29:18,281,43,17-08-2024_11-29-18_p0043_s281_b4_RAW,/srv/projects2/captarlibras_finep/dataset_captarlibras/raw-data/frontal-cam/17-08-2024_11-29-18_p0043_s281_b4_RAW--ZED-RGB_FRONT.avi
2024-08-17 11:30:10,282,43,17-08-2024_11-30-10_p0043_s282_b4_RAW,/srv/projects2/captarlibras_finep/dataset_captarlibras/raw-data/frontal-cam/17-08-2024_11-30-10_p0043_s282_b4_RAW--ZED-RGB_FRONT.avi
2024-08-17 11:30:42,283,43,17-08-2024_11-30-42_p0043_s283_b4_RAW,/srv/projects2/captarlibras_finep/dataset_captarlibras/raw-data/frontal-cam/17-08-2024_11-30-42_p0043_s283_b4_RAW--ZED-RGB_FRONT.avi
2024-08-17 11:31:42,283,43,17-08-2024_11-31-42_p0043_s283_b4_RAW,/srv/projects2/captarlibras_finep/dataset_captarlibras/raw-data/frontal-cam/17-08-2024_11-31-42_p0043_s283_b4_RAW--ZED-RGB_FRONT.avi
2024-08-21 14:14:57,P09.1,44,21-08-2024_14-14-57_p0044_sP09.1_b3_RAW,/srv/projects2/captarlibras_finep/dataset_captarlibras/raw-data/frontal-cam/21-08-2024_14-14-57_p0044_sP09.1_b3_RAW--ZED-RGB_FRONT.avi
2024-08-21 14:15:45,P09.2,44,21-08-2024_14-15-45_p0044_sP09.2_b3_RAW,/srv/projects2/captarlibras_finep/dataset_captarlibras/raw-data/frontal-cam/21-08-2024_14-15-45_p0044_sP09.2_b3_RAW--ZED-RGB_FRONT.avi
2024-08-21 14:16:29,158,44,21-08-2024_14-16-29_p0044_s158_b3_RAW,/srv/projects2/captarlibras_finep/dataset_captarlibras/raw-data/frontal-cam/21-08-2024_14-16-29_p0044_s158_b3_RAW--ZED-RGB_FRONT.avi
2024-08-21 14:17:06,159,44,21-08-2024_14-17-06_p0044_s159_b3_RAW,/srv/projects2/captarlibras_finep/dataset_captarlibras/raw-data/frontal-cam/21-08-2024_14-17-06_p0044_s159_b3_RAW--ZED-RGB_FRONT.avi
2024-08-21 14:17:55,P09.3,44,21-08-2024_14-17-55_p0044_sP09.3_b3_RAW,/srv/projects2/captarlibras_finep/dataset_captarlibras/raw-data/frontal-cam/21-08-2024_14-17-55_p0044_sP09.3_b3_RAW--ZED-RGB_FRONT.avi
2024-08-21 14:18:36,160,44,21-08-2024_14-18-36_p0044_s160_b3_RAW,/srv/projects2/captarlibras_finep/dataset_captarlibras/raw-data/frontal-cam/21-08-2024_14-18-36_p0044_s160_b3_RAW--ZED-RGB_FRONT.avi
2024-08-21 14:19:05,161,44,21-08-2024_14-19-05_p0044_s161_b3_RAW,/srv/projects2/captarlibras_finep/dataset_captarlibras/raw-data/frontal-cam/21-08-2024_14-19-05_p0044_s161_b3_RAW--ZED-RGB_FRONT.avi
2024-08-21 14:19:38,P09.4,44,21-08-2024_14-19-38_p0044_sP09.4_b3_RAW,/srv/projects2/captarlibras_finep/dataset_captarlibras/raw-data/frontal-cam/21-08-2024_14-19-38_p0044_sP09.4_b3_RAW--ZED-RGB_FRONT.avi
2024-08-21 14:20:14,162,44,21-08-2024_14-20-14_p0044_s162_b3_RAW,/srv/projects2/captarlibras_finep/dataset_captarlibras/raw-data/frontal-cam/21-08-2024_14-20-14_p0044_s162_b3_RAW--ZED-RGB_FRONT.avi
2024-08-21 14:20:43,163,44,21-08-2024_14-20-43_p0044_s163_b3_RAW,/srv/projects2/captarlibras_finep/dataset_captarlibras/raw-data/frontal-cam/21-08-2024_14-20-43_p0044_s163_b3_RAW--ZED-RGB_FRONT.avi
2024-08-21 14:21:21,P09.5,44,21-08-2024_14-21-21_p0044_sP09.5_b3_RAW,/srv/projects2/captarlibras_finep/dataset_captarlibras/raw-data/frontal-cam/21-08-2024_14-21-21_p0044_sP09.5_b3_RAW--ZED-RGB_FRONT.avi
2024-08-21 14:22:17,164,44,21-08-2024_14-22-17_p0044_s164_b3_RAW,/srv/projects2/captarlibras_finep/dataset_captarlibras/raw-data/frontal-cam/21-08-2024_14-22-17_p0044_s164_b3_RAW--ZED-RGB_FRONT.avi
2024-08-21 14:22:41,165,44,21-08-2024_14-22-41_p0044_s165_b3_RAW,/srv/projects2/captarlibras_finep/dataset_captarlibras/raw-data/frontal-cam/21-08-2024_14-22-41_p0044_s165_b3_RAW--ZED-RGB_FRONT.avi
2024-08-21 14:23:07,P09.6,44,21-08-2024_14-23-07_p0044_sP09.6_b3_RAW,/srv/projects2/captarlibras_finep/dataset_captarlibras/raw-data/frontal-cam/21-08-2024_14-23-07_p0044_sP09.6_b3_RAW--ZED-RGB_FRONT.avi
2024-08-21 14:23:45,166,44,21-08-2024_14-23-45_p0044_s166_b3_RAW,/srv/projects2/captarlibras_finep/dataset_captarlibras/raw-data/frontal-cam/21-08-2024_14-23-45_p0044_s166_b3_RAW--ZED-RGB_FRONT.avi
2024-08-21 14:24:14,167,44,21-08-2024_14-24-14_p0044_s167_b3_RAW,/srv/projects2/captarlibras_finep/dataset_captarlibras/raw-data/frontal-cam/21-08-2024_14-24-14_p0044_s167_b3_RAW--ZED-RGB_FRONT.avi
2024-08-21 14:24:52,P09.7,44,21-08-2024_14-24-52_p0044_sP09.7_b3_RAW,/srv/projects2/captarlibras_finep/dataset_captarlibras/raw-data/frontal-cam/21-08-2024_14-24-52_p0044_sP09.7_b3_RAW--ZED-RGB_FRONT.avi
2024-08-21 14:25:27,168,44,21-08-2024_14-25-27_p0044_s168_b3_RAW,/srv/projects2/captarlibras_finep/dataset_captarlibras/raw-data/frontal-cam/21-08-2024_14-25-27_p0044_s168_b3_RAW--ZED-RGB_FRONT.avi
2024-08-21 14:25:50,169,44,21-08-2024_14-25-50_p0044_s169_b3_RAW,/srv/projects2/captarlibras_finep/dataset_captarlibras/raw-data/frontal-cam/21-08-2024_14-25-50_p0044_s169_b3_RAW--ZED-RGB_FRONT.avi
2024-08-21 14:30:48,170.0,44,21-08-2024_14-30-48_p0044_s170.0_b3_RAW,/srv/projects2/captarlibras_finep/dataset_captarlibras/raw-data/frontal-cam/21-08-2024_14-30-48_p0044_s170.0_b3_RAW--ZED-RGB_FRONT.avi
2024-08-21 14:32:42,170.1,44,21-08-2024_14-32-42_p0044_s170.1_b3_RAW,/srv/projects2/captarlibras_finep/dataset_captarlibras/raw-data/frontal-cam/21-08-2024_14-32-42_p0044_s170.1_b3_RAW--ZED-RGB_FRONT.avi
2024-08-21 14:33:47,170.3,44,21-08-2024_14-33-47_p0044_s170.3_b3_RAW,/srv/projects2/captarlibras_finep/dataset_captarlibras/raw-data/frontal-cam/21-08-2024_14-33-47_p0044_s170.3_b3_RAW--ZED-RGB_FRONT.avi
2024-08-21 14:34:07,170.4,44,21-08-2024_14-34-07_p0044_s170.4_b3_RAW,/srv/projects2/captarlibras_finep/dataset_captarlibras/raw-data/frontal-cam/21-08-2024_14-34-07_p0044_s170.4_b3_RAW--ZED-RGB_FRONT.avi
2024-08-21 14:34:27,170.5,44,21-08-2024_14-34-27_p0044_s170.5_b3_RAW,/srv/projects2/captarlibras_finep/dataset_captarlibras/raw-data/frontal-cam/21-08-2024_14-34-27_p0044_s170.5_b3_RAW--ZED-RGB_FRONT.avi
2024-08-21 14:34:48,170.6,44,21-08-2024_14-34-48_p0044_s170.6_b3_RAW,/srv/projects2/captarlibras_finep/dataset_captarlibras/raw-data/frontal-cam/21-08-2024_14-34-48_p0044_s170.6_b3_RAW--ZED-RGB_FRONT.avi
2024-08-21 14:35:06,170.7,44,21-08-2024_14-35-06_p0044_s170.7_b3_RAW,/srv/projects2/captarlibras_finep/dataset_captarlibras/raw-data/frontal-cam/21-08-2024_14-35-06_p0044_s170.7_b3_RAW--ZED-RGB_FRONT.avi
2024-08-21 14:35:26,170.8,44,21-08-2024_14-35-26_p0044_s170.8_b3_RAW,/srv/projects2/captarlibras_finep/dataset_captarlibras/raw-data/frontal-cam/21-08-2024_14-35-26_p0044_s170.8_b3_RAW--ZED-RGB_FRONT.avi
2024-08-21 14:35:45,170.9,44,21-08-2024_14-35-45_p0044_s170.9_b3_RAW,/srv/projects2/captarlibras_finep/dataset_captarlibras/raw-data/frontal-cam/21-08-2024_14-35-45_p0044_s170.9_b3_RAW--ZED-RGB_FRONT.avi
2024-08-21 14:36:03,170.10,44,21-08-2024_14-36-03_p0044_s170.10_b3_RAW,/srv/projects2/captarlibras_finep/dataset_captarlibras/raw-data/frontal-cam/21-08-2024_14-36-03_p0044_s170.10_b3_RAW--ZED-RGB_FRONT.avi
2024-08-21 14:36:35,P11.1,44,21-08-2024_14-36-35_p0044_sP11.1_b3_RAW,/srv/projects2/captarlibras_finep/dataset_captarlibras/raw-data/frontal-cam/21-08-2024_14-36-35_p0044_sP11.1_b3_RAW--ZED-RGB_FRONT.avi
2024-08-21 14:37:17,171,44,21-08-2024_14-37-17_p0044_s171_b3_RAW,/srv/projects2/captarlibras_finep/dataset_captarlibras/raw-data/frontal-cam/21-08-2024_14-37-17_p0044_s171_b3_RAW--ZED-RGB_FRONT.avi
2024-08-21 14:37:41,172,44,21-08-2024_14-37-41_p0044_s172_b3_RAW,/srv/projects2/captarlibras_finep/dataset_captarlibras/raw-data/frontal-cam/21-08-2024_14-37-41_p0044_s172_b3_RAW--ZED-RGB_FRONT.avi
2024-08-21 14:38:05,173,44,21-08-2024_14-38-05_p0044_s173_b3_RAW,/srv/projects2/captarlibras_finep/dataset_captarlibras/raw-data/frontal-cam/21-08-2024_14-38-05_p0044_s173_b3_RAW--ZED-RGB_FRONT.avi
2024-08-21 14:38:36,P11.2,44,21-08-2024_14-38-36_p0044_sP11.2_b3_RAW,/srv/projects2/captarlibras_finep/dataset_captarlibras/raw-data/frontal-cam/21-08-2024_14-38-36_p0044_sP11.2_b3_RAW--ZED-RGB_FRONT.avi
2024-08-21 14:40:43,175,44,21-08-2024_14-40-43_p0044_s175_b3_RAW,/srv/projects2/captarlibras_finep/dataset_captarlibras/raw-data/frontal-cam/21-08-2024_14-40-43_p0044_s175_b3_RAW--ZED-RGB_FRONT.avi
2024-08-21 14:41:10,176,44,21-08-2024_14-41-10_p0044_s176_b3_RAW,/srv/projects2/captarlibras_finep/dataset_captarlibras/raw-data/frontal-cam/21-08-2024_14-41-10_p0044_s176_b3_RAW--ZED-RGB_FRONT.avi
2024-08-21 14:41:29,177,44,21-08-2024_14-41-29_p0044_s177_b3_RAW,/srv/projects2/captarlibras_finep/dataset_captarlibras/raw-data/frontal-cam/21-08-2024_14-41-29_p0044_s177_b3_RAW--ZED-RGB_FRONT.avi
2024-08-21 14:41:52,178,44,21-08-2024_14-41-52_p0044_s178_b3_RAW,/srv/projects2/captarlibras_finep/dataset_captarlibras/raw-data/frontal-cam/21-08-2024_14-41-52_p0044_s178_b3_RAW--ZED-RGB_FRONT.avi
2024-08-21 14:42:26,P11.4,44,21-08-2024_14-42-26_p0044_sP11.4_b3_RAW,/srv/projects2/captarlibras_finep/dataset_captarlibras/raw-data/frontal-cam/21-08-2024_14-42-26_p0044_sP11.4_b3_RAW--ZED-RGB_FRONT.avi
2024-08-21 14:43:09,P11.5,44,21-08-2024_14-43-09_p0044_sP11.5_b3_RAW,/srv/projects2/captarlibras_finep/dataset_captarlibras/raw-data/frontal-cam/21-08-2024_14-43-09_p0044_sP11.5_b3_RAW--ZED-RGB_FRONT.avi
2024-08-21 14:43:36,P12,44,21-08-2024_14-43-36_p0044_sP12_b3_RAW,/srv/projects2/captarlibras_finep/dataset_captarlibras/raw-data/frontal-cam/21-08-2024_14-43-36_p0044_sP12_b3_RAW--ZED-RGB_FRONT.avi
2024-08-21 14:44:16,179,44,21-08-2024_14-44-16_p0044_s179_b3_RAW,/srv/projects2/captarlibras_finep/dataset_captarlibras/raw-data/frontal-cam/21-08-2024_14-44-16_p0044_s179_b3_RAW--ZED-RGB_FRONT.avi
2024-08-21 14:45:03,180,44,21-08-2024_14-45-03_p0044_s180_b3_RAW,/srv/projects2/captarlibras_finep/dataset_captarlibras/raw-data/frontal-cam/21-08-2024_14-45-03_p0044_s180_b3_RAW--ZED-RGB_FRONT.avi
2024-08-21 14:45:37,181,44,21-08-2024_14-45-37_p0044_s181_b3_RAW,/srv/projects2/captarlibras_finep/dataset_captarlibras/raw-data/frontal-cam/21-08-2024_14-45-37_p0044_s181_b3_RAW--ZED-RGB_FRONT.avi
2024-08-21 14:46:05,182,44,21-08-2024_14-46-05_p0044_s182_b3_RAW,/srv/projects2/captarlibras_finep/dataset_captarlibras/raw-data/frontal-cam/21-08-2024_14-46-05_p0044_s182_b3_RAW--ZED-RGB_FRONT.avi
2024-08-21 14:47:13,183,44,21-08-2024_14-47-13_p0044_s183_b3_RAW,/srv/projects2/captarlibras_finep/dataset_captarlibras/raw-data/frontal-cam/21-08-2024_14-47-13_p0044_s183_b3_RAW--ZED-RGB_FRONT.avi
2024-08-21 14:47:44,184,44,21-08-2024_14-47-44_p0044_s184_b3_RAW,/srv/projects2/captarlibras_finep/dataset_captarlibras/raw-data/frontal-cam/21-08-2024_14-47-44_p0044_s184_b3_RAW--ZED-RGB_FRONT.avi
2024-08-21 14:48:11,185,44,21-08-2024_14-48-11_p0044_s185_b3_RAW,/srv/projects2/captarlibras_finep/dataset_captarlibras/raw-data/frontal-cam/21-08-2024_14-48-11_p0044_s185_b3_RAW--ZED-RGB_FRONT.avi
2024-08-21 14:48:36,186,44,21-08-2024_14-48-36_p0044_s186_b3_RAW,/srv/projects2/captarlibras_finep/dataset_captarlibras/raw-data/frontal-cam/21-08-2024_14-48-36_p0044_s186_b3_RAW--ZED-RGB_FRONT.avi
2024-08-21 14:49:05,187,44,21-08-2024_14-49-05_p0044_s187_b3_RAW,/srv/projects2/captarlibras_finep/dataset_captarlibras/raw-data/frontal-cam/21-08-2024_14-49-05_p0044_s187_b3_RAW--ZED-RGB_FRONT.avi
2024-08-21 14:52:27,189,44,21-08-2024_14-52-27_p0044_s189_b3_RAW,/srv/projects2/captarlibras_finep/dataset_captarlibras/raw-data/frontal-cam/21-08-2024_14-52-27_p0044_s189_b3_RAW--ZED-RGB_FRONT.avi
2024-08-21 14:52:56,P13.1,44,21-08-2024_14-52-56_p0044_sP13.1_b3_RAW,/srv/projects2/captarlibras_finep/dataset_captarlibras/raw-data/frontal-cam/21-08-2024_14-52-56_p0044_sP13.1_b3_RAW--ZED-RGB_FRONT.avi
2024-08-21 14:53:34,190,44,21-08-2024_14-53-34_p0044_s190_b3_RAW,/srv/projects2/captarlibras_finep/dataset_captarlibras/raw-data/frontal-cam/21-08-2024_14-53-34_p0044_s190_b3_RAW--ZED-RGB_FRONT.avi
2024-08-21 14:53:59,191,44,21-08-2024_14-53-59_p0044_s191_b3_RAW,/srv/projects2/captarlibras_finep/dataset_captarlibras/raw-data/frontal-cam/21-08-2024_14-53-59_p0044_s191_b3_RAW--ZED-RGB_FRONT.avi
2024-08-21 14:54:29,P13.2,44,21-08-2024_14-54-29_p0044_sP13.2_b3_RAW,/srv/projects2/captarlibras_finep/dataset_captarlibras/raw-data/frontal-cam/21-08-2024_14-54-29_p0044_sP13.2_b3_RAW--ZED-RGB_FRONT.avi
2024-08-21 14:55:09,192,44,21-08-2024_14-55-09_p0044_s192_b3_RAW,/srv/projects2/captarlibras_finep/dataset_captarlibras/raw-data/frontal-cam/21-08-2024_14-55-09_p0044_s192_b3_RAW--ZED-RGB_FRONT.avi
2024-08-21 14:55:41,193,44,21-08-2024_14-55-41_p0044_s193_b3_RAW,/srv/projects2/captarlibras_finep/dataset_captarlibras/raw-data/frontal-cam/21-08-2024_14-55-41_p0044_s193_b3_RAW--ZED-RGB_FRONT.avi
2024-08-21 14:56:15,P14,44,21-08-2024_14-56-15_p0044_sP14_b3_RAW,/srv/projects2/captarlibras_finep/dataset_captarlibras/raw-data/frontal-cam/21-08-2024_14-56-15_p0044_sP14_b3_RAW--ZED-RGB_FRONT.avi
2024-08-21 14:56:59,P15.1,44,21-08-2024_14-56-59_p0044_sP15.1_b3_RAW,/srv/projects2/captarlibras_finep/dataset_captarlibras/raw-data/frontal-cam/21-08-2024_14-56-59_p0044_sP15.1_b3_RAW--ZED-RGB_FRONT.avi
2024-08-21 14:57:22,P15.2,44,21-08-2024_14-57-22_p0044_sP15.2_b3_RAW,/srv/projects2/captarlibras_finep/dataset_captarlibras/raw-data/frontal-cam/21-08-2024_14-57-22_p0044_sP15.2_b3_RAW--ZED-RGB_FRONT.avi
2024-08-21 14:57:42,194,44,21-08-2024_14-57-42_p0044_s194_b3_RAW,/srv/projects2/captarlibras_finep/dataset_captarlibras/raw-data/frontal-cam/21-08-2024_14-57-42_p0044_s194_b3_RAW--ZED-RGB_FRONT.avi
2024-08-21 14:58:06,P15.3,44,21-08-2024_14-58-06_p0044_sP15.3_b3_RAW,/srv/projects2/captarlibras_finep/dataset_captarlibras/raw-data/frontal-cam/21-08-2024_14-58-06_p0044_sP15.3_b3_RAW--ZED-RGB_FRONT.avi
2024-08-21 14:58:32,195,44,21-08-2024_14-58-32_p0044_s195_b3_RAW,/srv/projects2/captarlibras_finep/dataset_captarlibras/raw-data/frontal-cam/21-08-2024_14-58-32_p0044_s195_b3_RAW--ZED-RGB_FRONT.avi
2024-08-21 14:58:58,196,44,21-08-2024_14-58-58_p0044_s196_b3_RAW,/srv/projects2/captarlibras_finep/dataset_captarlibras/raw-data/frontal-cam/21-08-2024_14-58-58_p0044_s196_b3_RAW--ZED-RGB_FRONT.avi
2024-08-21 14:59:25,P15.4,44,21-08-2024_14-59-25_p0044_sP15.4_b3_RAW,/srv/projects2/captarlibras_finep/dataset_captarlibras/raw-data/frontal-cam/21-08-2024_14-59-25_p0044_sP15.4_b3_RAW--ZED-RGB_FRONT.avi
2024-08-21 14:59:57,197,44,21-08-2024_14-59-57_p0044_s197_b3_RAW,/srv/projects2/captarlibras_finep/dataset_captarlibras/raw-data/frontal-cam/21-08-2024_14-59-57_p0044_s197_b3_RAW--ZED-RGB_FRONT.avi
2024-08-21 15:00:22,198,44,21-08-2024_15-00-22_p0044_s198_b3_RAW,/srv/projects2/captarlibras_finep/dataset_captarlibras/raw-data/frontal-cam/21-08-2024_15-00-22_p0044_s198_b3_RAW--ZED-RGB_FRONT.avi
2024-08-21 15:00:48,199,44,21-08-2024_15-00-48_p0044_s199_b3_RAW,/srv/projects2/captarlibras_finep/dataset_captarlibras/raw-data/frontal-cam/21-08-2024_15-00-48_p0044_s199_b3_RAW--ZED-RGB_FRONT.avi
2024-08-21 15:01:19,200,44,21-08-2024_15-01-19_p0044_s200_b3_RAW,/srv/projects2/captarlibras_finep/dataset_captarlibras/raw-data/frontal-cam/21-08-2024_15-01-19_p0044_s200_b3_RAW--ZED-RGB_FRONT.avi
2024-08-21 15:01:48,201,44,21-08-2024_15-01-48_p0044_s201_b3_RAW,/srv/projects2/captarlibras_finep/dataset_captarlibras/raw-data/frontal-cam/21-08-2024_15-01-48_p0044_s201_b3_RAW--ZED-RGB_FRONT.avi
2024-08-21 15:02:13,202,44,21-08-2024_15-02-13_p0044_s202_b3_RAW,/srv/projects2/captarlibras_finep/dataset_captarlibras/raw-data/frontal-cam/21-08-2024_15-02-13_p0044_s202_b3_RAW--ZED-RGB_FRONT.avi
2024-08-21 15:03:19,P17.1,44,21-08-2024_15-03-19_p0044_sP17.1_b3_RAW,/srv/projects2/captarlibras_finep/dataset_captarlibras/raw-data/frontal-cam/21-08-2024_15-03-19_p0044_sP17.1_b3_RAW--ZED-RGB_FRONT.avi
2024-08-21 15:03:47,203,44,21-08-2024_15-03-47_p0044_s203_b3_RAW,/srv/projects2/captarlibras_finep/dataset_captarlibras/raw-data/frontal-cam/21-08-2024_15-03-47_p0044_s203_b3_RAW--ZED-RGB_FRONT.avi
2024-08-21 15:04:18,P17.2,44,21-08-2024_15-04-18_p0044_sP17.2_b3_RAW,/srv/projects2/captarlibras_finep/dataset_captarlibras/raw-data/frontal-cam/21-08-2024_15-04-18_p0044_sP17.2_b3_RAW--ZED-RGB_FRONT.avi
2024-08-21 15:04:44,204,44,21-08-2024_15-04-44_p0044_s204_b3_RAW,/srv/projects2/captarlibras_finep/dataset_captarlibras/raw-data/frontal-cam/21-08-2024_15-04-44_p0044_s204_b3_RAW--ZED-RGB_FRONT.avi
2024-08-21 15:05:09,205,44,21-08-2024_15-05-09_p0044_s205_b3_RAW,/srv/projects2/captarlibras_finep/dataset_captarlibras/raw-data/frontal-cam/21-08-2024_15-05-09_p0044_s205_b3_RAW--ZED-RGB_FRONT.avi
2024-08-21 15:05:31,206,44,21-08-2024_15-05-31_p0044_s206_b3_RAW,/srv/projects2/captarlibras_finep/dataset_captarlibras/raw-data/frontal-cam/21-08-2024_15-05-31_p0044_s206_b3_RAW--ZED-RGB_FRONT.avi
2024-08-21 15:05:53,P17.3,44,21-08-2024_15-05-53_p0044_sP17.3_b3_RAW,/srv/projects2/captarlibras_finep/dataset_captarlibras/raw-data/frontal-cam/21-08-2024_15-05-53_p0044_sP17.3_b3_RAW--ZED-RGB_FRONT.avi
2024-08-21 15:06:18,207,44,21-08-2024_15-06-18_p0044_s207_b3_RAW,/srv/projects2/captarlibras_finep/dataset_captarlibras/raw-data/frontal-cam/21-08-2024_15-06-18_p0044_s207_b3_RAW--ZED-RGB_FRONT.avi
2024-08-21 15:06:42,P17.4,44,21-08-2024_15-06-42_p0044_sP17.4_b3_RAW,/srv/projects2/captarlibras_finep/dataset_captarlibras/raw-data/frontal-cam/21-08-2024_15-06-42_p0044_sP17.4_b3_RAW--ZED-RGB_FRONT.avi
2024-08-21 15:07:09,208,44,21-08-2024_15-07-09_p0044_s208_b3_RAW,/srv/projects2/captarlibras_finep/dataset_captarlibras/raw-data/frontal-cam/21-08-2024_15-07-09_p0044_s208_b3_RAW--ZED-RGB_FRONT.avi
2024-08-21 15:08:41,P21.1,44,21-08-2024_15-08-41_p0044_sP21.1_b3_RAW,/srv/projects2/captarlibras_finep/dataset_captarlibras/raw-data/frontal-cam/21-08-2024_15-08-41_p0044_sP21.1_b3_RAW--ZED-RGB_FRONT.avi
2024-08-21 15:09:03,241,44,21-08-2024_15-09-03_p0044_s241_b3_RAW,/srv/projects2/captarlibras_finep/dataset_captarlibras/raw-data/frontal-cam/21-08-2024_15-09-03_p0044_s241_b3_RAW--ZED-RGB_FRONT.avi
2024-08-21 15:09:39,243,44,21-08-2024_15-09-39_p0044_s243_b3_RAW,/srv/projects2/captarlibras_finep/dataset_captarlibras/raw-data/frontal-cam/21-08-2024_15-09-39_p0044_s243_b3_RAW--ZED-RGB_FRONT.avi
2024-08-21 15:10:16,P21.2,44,21-08-2024_15-10-16_p0044_sP21.2_b3_RAW,/srv/projects2/captarlibras_finep/dataset_captarlibras/raw-data/frontal-cam/21-08-2024_15-10-16_p0044_sP21.2_b3_RAW--ZED-RGB_FRONT.avi
2024-08-21 15:10:36,242,44,21-08-2024_15-10-36_p0044_s242_b3_RAW,/srv/projects2/captarlibras_finep/dataset_captarlibras/raw-data/frontal-cam/21-08-2024_15-10-36_p0044_s242_b3_RAW--ZED-RGB_FRONT.avi
2024-08-21 15:10:59,244,44,21-08-2024_15-10-59_p0044_s244_b3_RAW,/srv/projects2/captarlibras_finep/dataset_captarlibras/raw-data/frontal-cam/21-08-2024_15-10-59_p0044_s244_b3_RAW--ZED-RGB_FRONT.avi
