VideoID,Sentence,Elan,Gloss
07-05-2024_14-44-21_p0027_sP25.1_b4_CONV--ZED-RGB.mpeg,P25.1,VOCÊ JÁ FAZER CIRURGIA PASSADO SIM QUAL,NOT FOUND IN EXCEL
05-09-2024_16-43-44_p0047_sP25.1_b4_CONV--ZED-RGB.mpeg,P25.1,VOCÊ JÁ FAZER CIRURGIA QUANTOS PASSADO SIM QUAL,NOT FOUND IN EXCEL
04-09-2024_16-14-15_p0044_s58_b1_CONV--ZED-RGB.mpeg,58,QUEBRAR QUEBRAR QUEBRAR,NOT FOUND IN EXCEL
23-04-2024_11-51-47_p0024_sP25.1_b4_CONV--ZED-RGB.mpeg,P25.1,VOCÊ JÁ CIRURGIA PASSADO S-I SIM QUAL,NOT FOUND IN EXCEL
02-05-2024_16-19-01_p0026_sP25.1_b4_CONV--ZED-RGB.mpeg,P25.1,VOCÊ JÁ FAZER ALGUM CIRURGIA S-I S-I-M QUAL,NOT FOUND IN EXCEL
05-09-2024_15-25-37_p0047_s58_b1_CONV--ZED-RGB.mpeg,58,QUEBRAR QUEBRAR QUEBRAR QUEBRAR,NOT FOUND IN EXCEL
03-05-2024_08-49-46_p0030_s58_b1_CONV--ZED-RGB.mpeg,58,QUEBRAR QUEBRAR QUEBRAR,NOT FOUND IN EXCEL
19-06-2024_16-42-15_p0023_s58_b1_CONV--ZED-RGB.mpeg,58,QUEBRAR,NOT FOUND IN EXCEL
04-09-2024_15-05-27_p0044_sP25.1_b4_CONV--ZED-RGB.mp4,P25.1,VOCÊ FAZER JÁ CIRURGIA QUANTOS PASSADO S-I SIM QUAL,NOT FOUND IN EXCEL
18-04-2024_10-30-57_p0025_s58_b1_CONV--ZED-RGB.mpeg,58,QUEBRAR-QUEBRAR-QUEBRAR,NOT FOUND IN EXCEL
28-06-2024_14-29-41_p0035_s58_b1_CONV--ZED-RGB.mpeg,58,QUEBRAR QUEBRAR QUEBRAR QUEBRAR,NOT FOUND IN EXCEL
30-01-2024_14-28-21_p12_s98.1--zed-rgb.mpeg,98.1,DOR BEXIGA,NOT FOUND IN EXCEL
16-04-2024_11-03-00_p0025_sP25.1_b4_CONV--ZED-RGB.mpeg,P25.1,VOCÊ FAZER JÁ CIRURGIA QUANTOS PASSADO S-ISIM QUAL,NOT FOUND IN EXCEL
24-07-2024_15-32-05_p0041_sP25.1_b4_CONV--ZED-RGB.mpeg,P25.1,VOCÊ FAZER JÁ QUANTOS CIRURGIA PASSADO S-I SIM QUAL,NOT FOUND IN EXCEL
20-02-2024_17-06-52_p0015_sP25.1_b4_CONV--zed-rgb.mpeg,P25.1,FAZER CIRURGIA JÁ QUANTAS PASSADO SIM QUAL,NOT FOUND IN EXCEL
24-01-2024_17-48-06_p10_sP25.1--zed-rgb.mpeg,P25.1,VOCÊ JÁ FAZER QUANTAS CIRURGIA SE-SIM QUANDO,NOT FOUND IN EXCEL
18-03-2024_11-51-33_p0013_sP25.1_b4_CONV--ZED-RGB.mpeg,P25.1,JÁ FAZER CIRURGIA QUANTOS PASSADO SE SIM QUAL,NOT FOUND IN EXCEL
12-03-2024_10-54-15_p0021_sP25.1_b4_CONV--zed-rgb.mpeg,P25.1,JÁ CIRURGIA QUANTOS PASSADO S-I SIM QUAL,NOT FOUND IN EXCEL
20-05-2024_11-47-30_p0034_s58_b1_CONV--ZED-RGB.mpeg,58,QUEBRAR-QUEBRAR-QUEBRAR,NOT FOUND IN EXCEL
28-08-2024_16-50-25_p0038_s58_b1_CONV--ZED-RGB.mpeg,58,QUEBRAR QUEBRAR QUEBRAR QUEBRAR,NOT FOUND IN EXCEL
19-06-2024_10-16-37_p0036_s58_b1_CONV--ZED-RGB.mpeg,58,QUEBRAR,NOT FOUND IN EXCEL
18-03-2024_15-36-13_p0020_s58_b1_CONV--ZED-RGB.mpeg,58,QUEBRAR-QUEBRAR-QUEBRAR,NOT FOUND IN EXCEL
05-06-2024_15-45-55_p0037_sP25.1_b4_CONV--ZED-RGB.mpeg,P25.1,VOCÊ FAZER JÁ CIRURGIA QUANTOS PASSADO S-I SIM QUAL,NOT FOUND IN EXCEL
10-05-2024_10-10-01_p0030_sP25.1_b4_CONV--ZED-RGB.mpeg,P25.1,VOCÊ JÁ FAZER CIRURGIA QUANTOS S-I SIM QUAL,NOT FOUND IN EXCEL
13-03-2024_16-20-03_p0014_sP25.1_b4_CONV--zed-rgb.mpeg,P25.1,VOCÊ FAZER JÁ CIRURGIA QUANTOS PASSADO SE SIM QUAL,NOT FOUND IN EXCEL
12-03-2024_14-40-03_p0022_s58_b1_CONV--zed-rgb.mpeg,58,QUEBRAR-QUEBRAR-QUEBRAR,NOT FOUND IN EXCEL
27-03-2024_16-21-56_p0015_s58_b1_CONV--ZED-RGB.mpeg,58,QUEBRARQUEBRARQUEBRAR,NOT FOUND IN EXCEL
22-08-2024_16-27-30_p0042_sP25.1_b4_CONV--ZED-RGB.mpeg,P25.1,VOCÊ FAZER JÁ CIRURGIA QUANTOS PASSADO S-I SIM QUAL,NOT FOUND IN EXCEL
27-05-2024_16-55-26_p0032_s58_b1_CONV--ZED-RGB.mpeg,58,QUEBRAR QUEBRAR QUEBRAR QUEBRAR,NOT FOUND IN EXCEL
25-03-2024_16-02-38_p0020_sP25.1_b4_CONV--ZED-RGB.mpeg,P25.1,VOCÊ CIRURGIA ALGUMA PASSADO S-I SIM QUAL TIPOS,NOT FOUND IN EXCEL
08-04-2024_16-52-49_p0021_s58_b1_CONV--ZED-RGB.mpeg,58,QUEBRAR QUEBRAR QUEBRAR,NOT FOUND IN EXCEL
24-07-2024_14-30-27_p0041_s58_b1_CONV--ZED-RGB.mpeg,58,QUEBRAR QUEBRAR QUEBRAR,NOT FOUND IN EXCEL
26-02-2024_16-24-42_p0019_sP25.1_b4_CONV--zed-rgb.mpeg,P25.1,VOCÊ FAZER JÁ CIRURGIA QUANTOS PASSADO SE SIM QUAL,NOT FOUND IN EXCEL
16-07-2024_17-02-03_p0039_sP25.1_b4_CONV--ZED-RGB.mpeg,P25.1,FAZER CIRURGIA QUANTOS PASSADO S-I SIM QUAL,NOT FOUND IN EXCEL
10-05-2024_16-45-48_p0033_s58_b1_CONV--ZED-RGB.mpeg,58,QUEBRAR-QUEBRAR-QUEBRAR,NOT FOUND IN EXCEL
30-01-2024_14-16-17_p12_s94.3--zed-rgb.mpeg,94.3,DOR OUVIDO-DIREITO OUVIDIO-ESQUERDO,NOT FOUND IN EXCEL
17-09-2024_16-25-41_p0048_sP25.1_b4_CONV--ZED-RGB.mpeg,P25.1,VOCÊ FAZER JÁ CIRURGIA QUANTOS PASSADO S-I SIM QUAL,NOT FOUND IN EXCEL
07-05-2024_15-12-03_p0027_s58_b1_CONV--ZED-RGB.mpeg,58,QUEBRAR-QUEBRAR-QUEBRAR-QUEBRAR-QUEBRAR,NOT FOUND IN EXCEL
29-04-2024_16-56-02_p0024_s58_b1_CONV--ZED-RGB.mpeg,58,QUEBRAR QUEBRAR QUEBRAR QUEBRAR QUEBRAR,NOT FOUND IN EXCEL
22-02-2024_13-43-51_p0018_s58_b1_CONV--zed-rgb.mpeg,58,QUEBRAR QUEBRAR QUEBRAR QUEBRAR,NOT FOUND IN EXCEL
26-08-2024_15-38-52_p0019_s58_b1_CONV--ZED-RGB.mp4,58,TONTURA,NOT FOUND IN EXCEL
18-06-2024_17-00-59_p0028_sP25.1_b4_CONV--ZED-RGB.mpeg,P25.1,VOCÊ JÁ FAZER CIRURGIA QUANTOS PASSADO S-I SIM QUAL,NOT FOUND IN EXCEL
26-03-2024_16-39-42_p0022_sP25.1_b4_CONV--ZED-RGB.mpeg,P25.1,VOCÊ JÁ CIRURGIA QUANTOS PASSADO SE SIM QUAL,NOT FOUND IN EXCEL
20-05-2024_12-40-56_p0034_sP25.1_b4_CONV--ZED-RGB.mpeg,P25.1,JÁ FAZER CIRURGIA QUANTOS PASSADO S-I SIM QUAL,NOT FOUND IN EXCEL
28-06-2024_15-52-00_p0035_sP25.1_b4_CONV--ZED-RGB.mpeg,P25.1,FAZER JÁ CIRURGIA PASSADO S-I SIM QUAL,NOT FOUND IN EXCEL
21-02-2024_11-52-34_p0013_s58_b1_CONV--zed-rgb.mpeg,58,QUEBRAR QUEBRAR QUEBRAR,NOT FOUND IN EXCEL
06-05-2024_16-12-46_p0032_sP25.1_b4_CONV--ZED-RGB.mpeg,P25.1,VOCÊ FAZER JÁ CIRURGIA QUANTOS PASSADO S-I SIM QUAL,NOT FOUND IN EXCEL
08-06-2024_10-40-36_p0031_s58_b1_CONV--ZED-RGB.mpeg,58,QUEBRAR QUEBRAR QUEBRAR,NOT FOUND IN EXCEL
05-06-2024_10-40-46_p0036_sP25.1_b4_CONV--ZED-RGB.mpeg,P25.1,FAZER JÁ CIRURGIA QUANTOS PASSADO S-I SIM QUAL,NOT FOUND IN EXCEL
05-03-2024_10-40-13_p0014_s58_b1_CONV--zed-rgb.mpeg,58,QUEBRAR QUEBRAR QUEBRAR QUEBRAR QUEBRAR QUEBRAR,NOT FOUND IN EXCEL
17-08-2024_10-30-51_p0043_s58_b1_CONV--ZED-RGB.mpeg,58,QUEBRAR QUEBRAR QUEBRAR,NOT FOUND IN EXCEL
23-04-2024_15-26-38_p0026_s58_b1_CONV--ZED-RGB.mpeg,58,QUEBRAR QUEBRAR QUEBRAR,NOT FOUND IN EXCEL
22-02-2024_12-00-36_p0017_sP25.1_b4_CONV--zed-rgb.mpeg,P25.1,VOCÊ JA FAZER CIRURGIA QUANTAS PASSADO S-I SIM QUAL ENTÃO,NOT FOUND IN EXCEL
04-09-2024_15-04-47_p0044_sP25.1_b4_CONV--ZED-RGB.mp4,P25.1,VOCÊ FAZER JÁ CIRURGIA QUANTOS PASSADO S-I VOCÊ SIM QUAL,NOT FOUND IN EXCEL
10-05-2024_16-16-57_p0033_sP25.1_b4_CONV--ZED-RGB.mpeg,P25.1,FAZER JA CIRURGIA QUANTOS  PASSADO S-I SIM QUAL,NOT FOUND IN EXCEL
26-04-2024_15-00-55_p0028_s58_b1_CONV--ZED-RGB.mpeg,58,QUEBRAR-QUEBRAR-QUEBRAR,NOT FOUND IN EXCEL
03-04-2024_16-15-38_p0023_sP25.1_b4_CONV--ZED-RGB.mpeg,P25.1,VOCÊ JÁ CIRURGIA QUANTOS PASSADO S-I SIM QUAL ENTÃO,NOT FOUND IN EXCEL
19-07-2024_15-42-28_p0040_s58_b1_CONV--ZED-RGB.mpeg,58,QUEBRAR QUEBRAR QUEBRAR,NOT FOUND IN EXCEL
26-08-2024_15-41-02_p0019_s58_b1_CONV--ZED-RGB.mp4,58,QUEBRAR-QUEBRAR-QUEBRAR-QUEBRAR-QUEBRAR,NOT FOUND IN EXCEL
29-02-2024_14-10-17_p0010_s58_b1_CONV--zed-rgb.mpeg,58,QUEBRAR QUEBRAR QUEBRAR QUEBRAR,NOT FOUND IN EXCEL
