video,gloss
b4_s280_c922_0,TAÇA TOMAR VINHO UMA-VEZ SEMANA
alcoolismo_c922_0,VÍCIO BEBER ÁLCOOL
alergia_leite_c922_0,ALERGIA LEITE
comida_oleosa_c922_0,COMER COISAS ÓLEO
dificuldade_respirar_c922_0,DIFÍCIL RESPIRAR
engolir_c922_0,ENGOLIR
gases_c922_0,GASES
inchaco_c922_0,INCHAR
manchas_vermelhas_c922_0,MANCHAS-PELE VERMELHO
periodo_menstrual_c922_0,PERÍODO MENSTRUAR
qual_cor_catarro_c922_0,CATARRO COLA COR QUAL
quantas_bebidas_c922_0,QUANTOS BEBIDA
quantas_doses_c922_0,QUANTOS VACINAR
tontura_enjoo_c922_0,TONTURA-ENJOO
fezes_resto_comida_c922_0,FEZES-LÍQUIDAS RESTOS COMIDA
b2_148_6_c922_0,F 
b2_148_10_c922_0,J
b2_148_10,J
b2_148_20_c922_0,T 
b2_148_25_c922_0,Y
b2_148_26_c922_0,Z 
b3_p10_c922_0,SOBRE DOR PERÍODO COMEÇA-EM-UM FRACO SEQUÊNCIA-CINCO MÉDIA ATÉ-DEZ EXTREMAMENTE-FORTE PERÍODO-TEMPO VOCÊ SENTIR QUAL ESSE-PERÍODO DOR EQUIVALER QUAL
b3_p11_1_c922_0,SENTIR DOR DEPOIS SUMIR OUTRA-VEZ SENTIR DOR SUMIR VOLTAR SUMIR
b3_p11_4_c922_0,AO-LONGO-DO-TEMPO DOR COMO AUMENTAR O U DIMINUIR
b3_p12_c922_0,DOR EXEMPLO AQUI LUGAR MESMO O U ESPALHAR AQUI LUGARES ENTÃO
b3_p12_cross_c922_0,DOR EXEMPLO AQUI LUGAR MESMO O U ESPALHAR AQUI LUGARES ENTÃO
b4_280_c922_0,TAÇA TOMAR VINHO UMA-VEZ SEMANA
WIN_20241129_11_39_28_Pro,ENGOLIR
WIN_20241129_11_39_47_Pro,COMER COISAS ÓLEO
WIN_20241129_11_40_12_Pro,GASES
WIN_20241129_11_40_31_Pro,FEZES-LÍQUIDAS RESTOS COMIDA
WIN_20241129_11_40_47_Pro,INCHAR
WIN_20241129_11_41_03_Pro,DIFÍCIL RESPIRAR
WIN_20241129_11_41_29_Pro,ALERGIA LEITE
WIN_20241129_11_42_03_Pro,PERÍODO MENSTRUAR
WIN_20241129_11_42_19_Pro,VÍCIO BEBER ÁLCOOL
WIN_20241129_11_42_40_Pro,QUANTOS BEBIDA
WIN_20241129_11_43_00_Pro,QUANTOS VACINAR
WIN_20241129_11_43_18_Pro,CATARRO COLA COR QUAL
WIN_20241129_11_43_41_Pro,MANCHAS-PELE VERMELHO
WIN_20241129_11_44_44_Pro,TONTURA-ENJOO
WIN_20241129_11_45_57_Pro,TAÇA TOMAR VINHO UMA-VEZ SEMANA
b4_s280_cam_caua,TAÇA TOMAR VINHO UMA-VEZ SEMANA
alcoolismo_cam_caua,VÍCIO BEBER ÁLCOOL
alergia_leite_cam_caua,ALERGIA LEITE
comida_oleosa_cam_caua,COMER COISAS ÓLEO
dificuldade_respirar_cam_caua,DIFÍCIL RESPIRAR
engolir_cam_caua,ENGOLIR
gases_cam_caua,GASES
inchaco_cam_caua,INCHAR
manchas_vermelhas_cam_caua,MANCHAS-PELE VERMELHO
periodo_menstrual_cam_caua,PERÍODO MENSTRUAR
qual_cor_catarro_cam_caua,CATARRO COLA COR QUAL
quantas_bebidas_cam_caua,QUANTOS BEBIDA
quantas_doses_cam_caua,QUANTOS VACINAR
tontura_enjoo_cam_caua,TONTURA-ENJOO
fezes_resto_comida_cam_caua,FEZES-LÍQUIDAS RESTOS COMIDA
31-03-2025_17-21-44_p0998_sP01_b1_RAW--ZED-RGB_FRONT,O-QUE VOCÊ SENTIR QUE VIR ENTÃO
31-03-2025_17-22-04_p0998_s1_b1_RAW--ZED-RGB_FRONT,CONFUSÃO-MENTAL PERCEPÇÃO ESQUECER
31-03-2025_17-22-21_p0998_s2_b1_RAW--ZED-RGB_FRONT,CONFUSÃO
31-03-2025_17-22-32_p0998_s3_b1_RAW--ZED-RGB_FRONT,MUDAR COMPORTAMENTO
31-03-2025_17-24-02_p0998_s4_b1_RAW--ZED-RGB_FRONT,CONVULSÃO ENROLAR-LÍNGUA
31-03-2025_17-24-25_p0998_s5_b1_RAW--ZED-RGB_FRONT,CABEÇA DOR
31-03-2025_17-25-03_p0998_s6_b1_RAW--ZED-RGB_FRONT,DOR PESCOÇO
31-03-2025_17-25-18_p0998_s7_b1_RAW--ZED-RGB_FRONT,DOR PEITO
31-03-2025_17-25-34_p0998_s8_b1_RAW--ZED-RGB_FRONT,DOR COSTAS
31-03-2025_17-25-48_p0998_s9_b1_RAW--ZED-RGB_FRONT,DOR LOMBAR
31-03-2025_17-26-06_p0998_s10_b1_RAW--ZED-RGB_FRONT,DOR BARRIGA
31-03-2025_17-26-23_p0998_s11_b1_RAW--ZED-RGB_FRONT,DOR GARGANTA
31-03-2025_17-26-39_p0998_s12_b1_RAW--ZED-RGB_FRONT,DOR BRAÇO
31-03-2025_17-26-55_p0998_s13_b1_RAW--ZED-RGB_FRONT,DOR PERNA
31-03-2025_17-28-21_p0998_s14_b1_RAW--ZED-RGB_FRONT,DOR PERNA ATRÁS
31-03-2025_17-28-38_p0998_s15_b1_RAW--ZED-RGB_FRONT,DOR PÉ P E
31-03-2025_17-31-38_p0998_s16_b1_RAW--ZED-RGB_FRONT,RESPIRAR FALTAR
31-03-2025_17-31-54_p0998_s17_b1_RAW--ZED-RGB_FRONT,CHIAR
31-03-2025_17-32-12_p0998_s18_b1_RAW--ZED-RGB_FRONT,DIFÍCIL RESPIRAR
31-03-2025_17-32-58_p0998_s19_b1_RAW--ZED-RGB_FRONT,PALPITAÇÃO
31-03-2025_17-33-11_p0998_s20_b1_RAW--ZED-RGB_FRONT,TONTURA CAIR-PESSOA
31-03-2025_17-33-27_p0998_s21_b1_RAW--ZED-RGB_FRONT,EVACUAR-ESPALHAR
31-03-2025_17-33-42_p0998_s22_b1_RAW--ZED-RGB_FRONT,EVACUAR MOLE VERMELHO
31-03-2025_17-33-59_p0998_s23_b1_RAW--ZED-RGB_FRONT,TONTURA-ENJOO
31-03-2025_17-34-17_p0998_s24_b1_RAW--ZED-RGB_FRONT,VOMITAR
31-03-2025_17-34-43_p0998_s25_b1_RAW--ZED-RGB_FRONT,FEZES ESCURO
31-03-2025_17-35-05_p0998_s26_b1_RAW--ZED-RGB_FRONT,TOSSIR
31-03-2025_17-35-29_p0998_s27_b1_RAW--ZED-RGB_FRONT,CATARRO GRIPE
31-03-2025_17-35-43_p0998_s28_b1_RAW--ZED-RGB_FRONT,NARIZ-LADOS FECHAR
31-03-2025_17-35-55_p0998_s29_b1_RAW--ZED-RGB_FRONT,INCHAR
31-03-2025_17-36-11_p0998_s30_b1_RAW--ZED-RGB_FRONT,FERIR PELE
31-03-2025_17-36-27_p0998_s31_b1_RAW--ZED-RGB_FRONT,MANCHAS-PELE
31-03-2025_17-36-49_p0998_s32_b1_RAW--ZED-RGB_FRONT,MANCHAS-PELE VERMELHO
31-03-2025_17-37-12_p0998_s33_b1_RAW--ZED-RGB_FRONT,COÇAR
31-03-2025_17-37-27_p0998_s34_b1_RAW--ZED-RGB_FRONT,FEBRE
31-03-2025_17-37-45_p0998_s35_b1_RAW--ZED-RGB_FRONT,ARREPIAR FRIO
31-03-2025_17-38-03_p0998_s36_b1_RAW--ZED-RGB_FRONT,SUAR SUAR SUAR
31-03-2025_17-38-22_p0998_s37_b1_RAW--ZED-RGB_FRONT,VERMELHO SANGUE DOCE BAIXO-ALTO
31-03-2025_17-38-40_p0998_s38_b1_RAW--ZED-RGB_FRONT,TENTAR SUICIDAR
31-03-2025_17-38-54_p0998_s39_b1_RAW--ZED-RGB_FRONT,MORDER
31-03-2025_17-39-06_p0998_s40_b1_RAW--ZED-RGB_FRONT,CACHORRO MORDER
31-03-2025_17-39-19_p0998_s41_b1_RAW--ZED-RGB_FRONT,GATO MORDER
31-03-2025_17-41-09_p0998_s42_b1_RAW--ZED-RGB_FRONT,COBRA PICAR
31-03-2025_17-41-23_p0998_s43_b1_RAW--ZED-RGB_FRONT,ESCORPIÃO PICAR
31-03-2025_17-41-36_p0998_s44_b1_RAW--ZED-RGB_FRONT,PRESSÃO-ARTERIAL ALTO-BAIXO-ALTO
31-03-2025_17-41-51_p0998_s45_b1_RAW--ZED-RGB_FRONT,PROBLEMA OLHOS
31-03-2025_17-42-05_p0998_s46_b1_RAW--ZED-RGB_FRONT,PROBLEMA OUVIDOS
31-03-2025_17-42-39_p0998_s47_b1_RAW--ZED-RGB_FRONT,XIXI SENTIR IGUAL QUENTE
31-03-2025_17-43-07_p0998_s48_b1_RAW--ZED-RGB_FRONT,XIXI VAZAR
31-03-2025_17-44-09_p0998_s49_b1_RAW--ZED-RGB_FRONT,XIXI POUCO
31-03-2025_17-44-30_p0998_s50_b1_RAW--ZED-RGB_FRONT,TODA-HORA URINAR
31-03-2025_17-44-59_p0998_s51_b1_RAW--ZED-RGB_FRONT,XIXI ESCURO
31-03-2025_17-46-07_p0998_s52_b1_RAW--ZED-RGB_FRONT,XIXI ESPUMAR
31-03-2025_17-46-27_p0998_s53_b1_RAW--ZED-RGB_FRONT,XIXI VERMELHO
31-03-2025_17-46-40_p0998_s54_b1_RAW--ZED-RGB_FRONT,VERMELHO SANGRAR-BOCA
31-03-2025_17-46-52_p0998_s55_b1_RAW--ZED-RGB_FRONT,VERMELHO NARIZ-SANGRAR GRIPE
31-03-2025_17-47-07_p0998_s56_b1_RAW--ZED-RGB_FRONT,VERMELHO FEZES
31-03-2025_17-47-19_p0998_s57_b1_RAW--ZED-RGB_FRONT,TONTEIRA
31-03-2025_17-48-28_p0998_s58_b1_RAW--ZED-RGB_FRONT,QUEBRAR QUEBRAR QUEBRAR
31-03-2025_17-48-42_p0998_s59_b1_RAW--ZED-RGB_FRONT,TRAUMA
31-03-2025_17-48-57_p0998_s60_b1_RAW--ZED-RGB_FRONT,AGREDIR
31-03-2025_17-49-24_p0998_s61_b1_RAW--ZED-RGB_FRONT,PELE QUEIMAR
31-03-2025_17-49-45_p0998_s62_b1_RAW--ZED-RGB_FRONT,MATERIAL GRUPO CORTAR TAMBÉM OBJETO-FINO-LONGO FINCAR
31-03-2025_17-50-07_p0998_s63_b1_RAW--ZED-RGB_FRONT,TIRO FURAR-BARRIGA
31-03-2025_17-50-26_p0998_s64_b1_RAW--ZED-RGB_FRONT,QUASE CABEÇA-SAIR NASCER
31-03-2025_17-50-39_p0998_s65_b1_RAW--ZED-RGB_FRONT,NASCER VIVO
31-03-2025_17-50-51_p0998_s66_b1_RAW--ZED-RGB_FRONT,VAGINA VERMELHO SANGRAR
31-03-2025_17-51-05_p0998_s67_b1_RAW--ZED-RGB_FRONT,VOMITAR TER VERMELHO
31-03-2025_17-52-18_p0998_sP02_b1_RAW--ZED-RGB_FRONT,QUANDO COMEÇAR ENTÃO
31-03-2025_17-52-30_p0998_s68_b1_RAW--ZED-RGB_FRONT,15 MINUTO
31-03-2025_17-52-40_p0998_s69_b1_RAW--ZED-RGB_FRONT,30 MINUTO
31-03-2025_17-54-12_p0998_s70_b1_RAW--ZED-RGB_FRONT,1-HORA