id,annotation
1,CONFUSÃO-MENTAL PERCEPÇÃO ESQUECER
P01,O-QUE VOCÊ SENTIR QUE VIR ENTÃO
2,CONFUSÃO
P02,QUANDO COMEÇAR ENTÃO
3,MUDAR COMPORTAMENTO
P03,COMO COMEÇAR QUE VOCÊ FAZER O-QUE
4,CONVULSÃO ENROLAR-LÍNGUA
P04,TEMPO QUAL HORAS-DURAÇÃO TEMPO
5,CABEÇA DOR
P05,POR-QUE PROCURAR VIR HOJE TER PIORAR
6,DOR PESCOÇO
P06.1,ONDE DOR
P06.2,COMO DOR
P06.3,DOR IGUAL PESO
P06.4,DOR IGUAL QUEIMAR
P06.5,DOR IGUAL FINCADA
P06.6,DOR IGUAL SENTIR CHOQUE
7,DOR PEITO
P07,SENTIR JUNTO ITENS MAIS TER
8,DOR COSTAS
P08.1,S I FAZER COISAS SENTIR DOR PIORAR
P08.2,SENTIR DOR DEPOIS DESAPARECER ENTÃO
9,DOR LOMBAR
P09.1,PEITO DOR O U FALTAR A R INSPIRAR PIORAR MOMENTO FÍSICO ESFORÇAR
P09.2,SUBIR-MORRO FÍSICO PIOR
P09.3,PLANO ANDAR FÍSICO PIOR
P09.4,TOMAR-BANHO FÍSICO PIOR
P09.5,DEITAR CALMA PIOR
P09.6,SUBIR-ESCADA FÍSICO PIOR
P09.7,TOMAR-REMÉDIO AJUDAR CURAR PEITO DOR O U FALTAR A R ENTÃO
10,DOR BARRIGA
P10,SOBRE DOR PERÍODO COMEÇA-EM-UM FRACO SEQUÊNCIA-CINCO MÉDIA ATÉ-DEZ EXTREMAMENTE-FORTE PERÍODO-TEMPO VOCÊ SENTIR QUAL ESSE-PERÍODO DOR EQUIVALER QUAL
11,DOR GARGANTA
P11.1,SENTIR DOR DEPOIS SUMIR OUTRA-VEZ SENTIR DOR SUMIR VOLTAR SUMIR
P11.2,SENTIR DOR OUTRAS-VEZES DIVERSAS-VEZES ENTÃO
P11.3,NO-DECORRER-DO-TEMPO SENTIR DOR NO-TOTAL QUANTOS
P11.4,AO-LONGO-DO-TEMPO DOR COMO AUMENTAR O U DIMINUIR
P11.5,PERÍODO DOR TER AUMENTAR
12,DOR BRAÇO
P12,DOR EXEMPLO AQUI LUGAR MESMO O U ESPALHAR AQUI LUGARES ENTÃO
13,DOR PERNA
P13.1,MOMENTO EXEMPLO AQUI APERTAR VOCÊ SENTIR DOR PIORAR ENTÃO
P13.2,MOMENTO FICAR-EM-PÉ SENTAR DEITAR DOR PIORAR
14,DOR PERNA ATRÁS
P14,TER DOR FEBRE CALAFRIOS ESPIRRAR O U SECREÇÃO-NASAL COLA
15,DOR PÉ P E
P15.1,TER TOSSE
P15.2,TOSSE COMO
P15.3,CATARRO TER O U TER-NÃO
P15.4,CATARRO COLA COR QUAL
16,RESPIRAR FALTAR
P16,S I CORIZA NENHUM COMO TER SENTIR DOR URINAR
17,CHIAR
P17.1,VOCÊ JÁ VACINAR COVID-19
P17.2,QUANTOS VACINAR
P17.3,VOCÊ JÁ VACINAR GRIPE
P17.4,VOCÊ TRAZER CARTÃO-DE-VACINA
18,DIFÍCIL RESPIRAR
P18.1,ENJOAR O U VOMITAR
P18.2,VOCÊ FEZES MOLE
P18.3,COMO FEZES COMO
P18.4,UM SANGRAR DOIS M U C O COLA TRÊS PUS COR MISTURAR AMARELO BRANCO MISTURAR ENTÃO
P18.5,VOCÊ BARRIGA DOR ENTÃO
19,PALPITAÇÃO
P19.1,VOCÊ JÁ FAZER TRATAMENTO ALGUM DOENÇA ENTÃO
20,TONTURA CAIR-PESSOA
P20,VOCÊ TER RELATÓRIO AO-LONGO-DO-TEMPO
21,EVACUAR-ESPALHAR
P21.1,DOCUMENTO REMÉDIO VOCÊ TRAZER
P21.2,USAR REMÉDIO
22,EVACUAR MOLE VERMELHO
P22.1,VOCÊ TER ALERGIA ENTÃO
P22.2,MOMENTO VOCÊ TOMAR-MEDICAMENTO SURGIR TER ALERGIA TER
P22.3,QUAL MEDICAMENTO
23,TONTURA-ENJOO
P23.1,VOCÊ FUMAR
P23.2,TOTAL TEMPO QUANTO
P23.3,DURANTE-O-DIA QUANTOS FUMAR
24,VOMITAR
P24.1,BEBIDA ÁLCOOL VOCÊ BEBER VOCÊ
P24.2,BEBIDA QUAL
P24.3,QUANTOS BEBIDA
25,FEZES ESCURO
P25.1,VOCÊ FAZER JÁ CIRURGIA ALGUM PASSADO S-I SIM QUAL
26,TOSSIR
27,CATARRO GRIPE
28,NARIZ-LADOS FECHAR
29,INCHAR
30,FERIR PELE
31,MANCHAS-PELE
32,MANCHAS-PELE VERMELHO
33,COÇAR
34,FEBRE
35,ARREPIAR FRIO
36,SUAR SUAR SUAR
37,VERMELHO SANGUE DOCE BAIXO-ALTO
38,TENTAR SUICIDAR
39,MORDER
40,CACHORRO MORDER
41,GATO MORDER
42,COBRA PICAR
43,ESCORPIÃO PICAR
44,PRESSÃO-ARTERIAL ALTO-BAIXO-ALTO
45,PROBLEMA OLHOS
46,PROBLEMA OUVIDOS
47,XIXI SENTIR IGUAL QUENTE
48,XIXI VAZAR
49,XIXI POUCO
50,TODA-HORA URINAR
51,XIXI ESCURO
52,XIXI ESPUMAR
53,XIXI VERMELHO
54,VERMELHO SANGRAR-BOCA
55,VERMELHO NARIZ-SANGRAR GRIPE
56,VERMELHO FEZES
57,TONTEIRA
58,QUEBRAR QUEBRAR QUEBRAR
59,TRAUMA
60,AGREDIR
61,PELE QUEIMAR
62,MATERIAL GRUPO CORTAR TAMBÉM OBJETO-FINO-LONGO FINCAR
63,TIRO FURAR-BARRIGA
64,QUASE CABEÇA-SAIR NASCER
65,NASCER VIVO
66,VAGINA VERMELHO SANGRAR
67,VOMITAR TER VERMELHO
68,15 MINUTO
69,30 MINUTO
70,1-HORA
71,2-HORA
72,2-MÊS
73,COMER
74,BEBER
75,TOSSIR
76,LIMPAR CASA
77,EXERCÍCIO-FÍSICO
78,CALADO DEITADO
79,SENTADO
80,SENTADO EM-PÉ
81,NÃO-LEMBRAR
82,SEIS HORAS
83,UM-DIA
84,TRÊS-DIAS
85,UM SEMANA
86,UM MÊS
87,SIM
88,NÃO
89,DOR LADO-CABEÇA
90,DOR OUVIDO
91,DOR LADO-CABEÇA LADO-CABEÇA
92,DOR TESTA
93,DOR NUCA
94,DOR OUVIDO-DIREITO OUVIDO-ESQUERDO
95,DOR OLHOS
96,DOR MEIO-BARRIGA
97,DOR LADOS-BARRIGA
98,DOR BEXIGA
99,DOR BAIXO-VENTRE
100,DOR VIRILHA
101,DOR OMBROS
102,DOR BRAÇO-DIREITO BRAÇO-ESQUERDO
103,DOR JOELHO-DIREITO JOELHO-ESQUERDO
104,DOR PERNA-DIREITA PERNA-ESQUERDA
105,DOR TESTÍCULOS
106,DOR PULSAR
107,DOR PROFUNDO
108,DOR LEVE
109,DOR MUITO-FORTE
110,DOR APERTAR
111,DOR PESO
112,DOR QUEIMAR
113,DOR PONTADA
114,DOR CHOQUE
115,DOR VERMELHO SANGRAR APERTAR
116,DOR APERTAR PONTADA
117,SUAR SUAR
118,OLHOS LACRIMEJAR
119,SENTIR MAL
120,VER DOBRADO
121,VER MANCHAS
122,TODA-HORA URINAR
123,ZUMBIDO OUVIDO
124,GASES
125,COMER CATEGORIA ÁCIDO MAIS APIMENTADO
126,BEBER ÁLCOOL
127,COMER COISAS ÓLEO
128,LOCAIS BARULHO
129,LOCAIS LUZ-FORTE
130,CORPO ESFORÇAR
131,PERÍODO MENSTRUAR
132,NARIZ ESPIRRAR
133,MASTIGAR
134,MASTIGAR
135,ENGOLIR
136,ANDAR
137,ESTRESSE
138,APERTAR
139,BRAÇO MEXER-BRAÇO
140,PERNAS MEXER-PERNAS
141,MEXER-PESCOÇO
142,MOVIMENTAR-CORPO DOR PIORAR
143,DEITAR
144,ÁGUA FRIO COLOCAR-BRAÇO
145,ÁGUA QUENTE COLOCAR-BRAÇO
146,REMÉDIO
147,JEJUM
148.1,A
148.10,J
148.11,K
148.12,L
148.13,M
148.14,N
148.15,O
148.16,P
148.17,Q
148.18,R
148.19,S
148.2,B
148.20,T
148.21,U
148.22,V
148.23,W
148.24,X
148.25,Y
148.26,Z
148.3,C
148.4,D
148.5,E
148.6,F
148.7,G
148.8,H
148.9,I
149,DEVAGAR
150,ENTENDER
151,OBRIGADO
152,OBRIGADO
153,REPETIR POR-FAVOR
154,PARAR
155,PARAR
156,NÃO-ENTENDER
157,CONTINUAR
158,SUBIR-MORRO FÍSICO PIOR
159,SUBIR-MORRO CORPO PIOR NÃO
160,PLANO ANDAR CORPO PIOR
161,PLANO ANDAR FÍSICO PIOR NÃO
162,TOMAR-BANHO CORPO PIOR
163,TOMAR-BANHO CORPO PIOR NÃO
164,DEITAR CALMA PIOR
165,DEITAR CALMA PIOR NÃO
166,SUBIR-ESCADA CORPO PIOR
167,SUBIR-ESCADA CORPO PIOR NÃO
168,REMÉDIO CURAR
169,REMÉDIO CURAR-NÃO
170.0,0
170.1,1
170.10,10
170.2,2
170.3,3
170.4,4
170.5,5
170.6,6
170.7,7
170.8,8
170.9,9
171,UMA-VEZ
172,VÁRIAS-VEZES
173,SEMPRE SEMPRE
174,TRÊS-VEZES DIA
175,DOIS SEMANA
176,TRÊS-MESES
177,UM ANO
178,CINCO ANO
179,AQUI DOR CONTINUAR
180,NUCA DOR ESPALHAR
181,PESCOÇO DOR ESPALHAR
182,QUEIXO DOR ESPALHAR
183,DOR ESPALHAR OMBRO
184,DOR BRAÇO-ESPALHAR
185,DOR BARRIGA-ESPALHAR BARRIGA
186,COSTAS DOR ESPALHAR
187,DOR VIRILHA ESPALHAR
188,DOR PERNAS-ESPALHAR APONTAR-COXA
189,DOR PERNAS-ESPALHAR APONTAR-PERNA
190,SIM APERTAR-BRAÇO DOER
191,MOMENTO APERTAR-BRAÇO DOR PIORAR NÃO
192,FICAR-EM-PÉ SENTAR DEITAR DOR PIORAR SIM
193,FICAR-EM-PÉ SENTAR DEITAR DOR PIORAR NÃO
194,TOSSE SECO
195,CATARRO COLA NENHUM
196,TOSSE CATARRO COLA
197,CATARRO COLA CLARO
198,CATARRO COLA BRANCO
199,CATARRO COLA AMARELO
200,CATARRO COLA VERDE
201,CATARRO COLA VERMELHO
202,CATARRO COLA SANGUE PONTOS
203,NÃO VACINAR COVID-19
204,DOIS VACINA
205,TRÊS VACINA
206,QUATRO VACINA
207,NÃO VACINAR GRIPE
208,NÃO TRAZER CARTÃO-DE-VACINA NENHUM
209,NENHUM VONTADE NADA VOMITAR
210,MOLE
211,FRAGMENTOS MISTURAR MOLE
212,FEZES-LÍQUIDAS
213,CLARO
214,FEZES-LÍQUIDAS BRILHANTE
215,FEZES-LÍQUIDAS BORBULHAR
216,FEZES-LÍQUIDAS-EXPLODIR
217,FEZES-LÍQUIDAS BRANCO
218,FEZES-LÍQUIDAS ESCURO
219,FEZES-LÍQUIDAS RESTOS COMIDA
220,TER M U C O COLA
221,TER P U S MISTURAR AMARELO BRANCO MISTURAR
222,DOR-BARRIGA NENHUM
223,DIABETES
224,INFARTO
225,ARRITMIA
226,PRESSÃO ALTO
227,ASMA
228,AIDS
229,CÂNCER
230,DEPRESSÃO
231,DEPRESSÃO
232,ANSIEDADE
233,A V C
234,TOSSIR CATARRO VERMELHO
235,OBESIDADE
236,FÍGADO INFLAMADO
237,RINS FRACO
238,SUAR TIREÓIDE DIMINUIR
239,VÍCIO BEBER ÁLCOOL
240,VÍCIO FUMAR
241,TRAZER RECEITA REMÉDIO
242,EU USAR REMÉDIO
243,NÃO TRAZER RECEITA REMÉDIO NENHUM
244,NÃO USAR MEDICAMENTO NÃO
245,ÁCARO ALERGIA
246,F U N G O S SINAL FUNGO
247,ALERGIA FLOR PÓLEN
248,ALERGIA CACHORRO
249,ALERGIA GATO
250,ALERGIA INSETO PICAR
251,ALERGIA GRUPO BORRACHA
252,ALERGIA LEITE
253,ALERGIA O V O OVO
254,ALERGIA COMER CATEGORIA ÁGUA-MAR
255,ALERGIA CATEGORIA T R I G O FARINHA
256,ALERGIA AMENDOIM
257,ALERGIA REMÉDIO NÃO-TER
258,ALERGIA NENHUM
259,TER FUMAR SIM
260,NÃO FUMAR
261,UM ANO
262,DOIS ANO
263,DEZ ANO
264,CERVEJA
265,VINHO
266,DOSE ÁLCOOL
267,VODCA
268,UÍSQUE
269,CACHAÇA
270,G I N
271,CHAMPANHE
272,UM LATA TODO-DIA
273,UM LATA UMA-VEZ SEMANA
274,DOIS LATAS DUAS-VEZES SEMANA
275,UMA-GARRAFA TODOS-OS-DIAS
276,GARRAFA UMA-VEZ SEMANA
277,DOIS GARRAFAS DUAS-VEZES SEMANA
278,UMA-DOSE TOMAR TODO-DIA
279,DUAS-DOSES TOMAR DUAS-VEZES SEMANA
280,TAÇA TOMAR VINHO UMA-VEZ SEMANA
281,TAÇA TOMAR VINHO TODO-DIA
282,UM COPO CHEIO TODO-DIA
283,UM COPO UMA-VEZ SEMANA